utc_date,utc_timestamp,local_date,local_timestamp,country_name,price_area,country_code,market_program_name,auction_type,currency_code,PTU_length,Day-ahead Energy Price
2023-01-01,2023-01-01 00:00:00,2023-01-01,2023-01-01 02:00:00,Finland,FI,FI,Day-ahead,,EUR,hourly,1.379999995
2023-01-01,2023-01-01 01:00:00,2023-01-01,2023-01-01 03:00:00,Finland,FI,FI,Day-ahead,,EUR,hourly,0.09000000358
2023-01-01,2023-01-01 02:00:00,2023-01-01,2023-01-01 04:00:00,Finland,FI,FI,Day-ahead,,EUR,hourly,0.07999999821
2023-01-01,2023-01-01 03:00:00,2023-01-01,2023-01-01 05:00:00,Finland,FI,FI,Day-ahead,,EUR,hourly,0.05000000075
2023-01-01,2023-01-01 04:00:00,2023-01-01,2023-01-01 06:00:00,Finland,FI,FI,Day-ahead,,EUR,hourly,0.07999999821
2023-01-01,2023-01-01 05:00:00,2023-01-01,2023-01-01 07:00:00,Finland,FI,FI,Day-ahead,,EUR,hourly,0.09000000358
2023-01-01,2023-01-01 06:00:00,2023-01-01,2023-01-01 08:00:00,Finland,FI,FI,Day-ahead,,EUR,hourly,0.5299999714
2023-01-01,2023-01-01 07:00:00,2023-01-01,2023-01-01 09:00:00,Finland,FI,FI,Day-ahead,,EUR,hourly,2.029999971
2023-01-01,2023-01-01 08:00:00,2023-01-01,2023-01-01 10:00:00,Finland,FI,FI,Day-ahead,,EUR,hourly,3.099999905
2023-01-01,2023-01-01 09:00:00,2023-01-01,2023-01-01 11:00:00,Finland,FI,FI,Day-ahead,,EUR,hourly,4.429999828
2023-01-01,2023-01-01 10:00:00,2023-01-01,2023-01-01 12:00:00,Finland,FI,FI,Day-ahead,,EUR,hourly,6.059999943
2023-01-01,2023-01-01 11:00:00,2023-01-01,2023-01-01 13:00:00,Finland,FI,FI,Day-ahead,,EUR,hourly,6.059999943
2023-01-01,2023-01-01 12:00:00,2023-01-01,2023-01-01 14:00:00,Finland,FI,FI,Day-ahead,,EUR,hourly,5.679999828
2023-01-01,2023-01-01 13:00:00,2023-01-01,2023-01-01 15:00:00,Finland,FI,FI,Day-ahead,,EUR,hourly,17.70999908
2023-01-01,2023-01-01 14:00:00,2023-01-01,2023-01-01 16:00:00,Finland,FI,FI,Day-ahead,,EUR,hourly,24.11000061
2023-01-01,2023-01-01 15:00:00,2023-01-01,2023-01-01 17:00:00,Finland,FI,FI,Day-ahead,,EUR,hourly,36.54000092
2023-01-01,2023-01-01 16:00:00,2023-01-01,2023-01-01 18:00:00,Finland,FI,FI,Day-ahead,,EUR,hourly,46.02999878
2023-01-01,2023-01-01 17:00:00,2023-01-01,2023-01-01 19:00:00,Finland,FI,FI,Day-ahead,,EUR,hourly,54.22999954
2023-01-01,2023-01-01 18:00:00,2023-01-01,2023-01-01 20:00:00,Finland,FI,FI,Day-ahead,,EUR,hourly,53.63000107
2023-01-01,2023-01-01 19:00:00,2023-01-01,2023-01-01 21:00:00,Finland,FI,FI,Day-ahead,,EUR,hourly,48.04999924
2023-01-01,2023-01-01 20:00:00,2023-01-01,2023-01-01 22:00:00,Finland,FI,FI,Day-ahead,,EUR,hourly,44.68000031
2023-01-01,2023-01-01 21:00:00,2023-01-01,2023-01-01 23:00:00,Finland,FI,FI,Day-ahead,,EUR,hourly,45.95999908
2023-01-01,2023-01-01 22:00:00,2023-01-02,2023-01-02 00:00:00,Finland,FI,FI,Day-ahead,,EUR,hourly,35
2023-01-01,2023-01-01 23:00:00,2023-01-02,2023-01-02 01:00:00,Finland,FI,FI,Day-ahead,,EUR,hourly,57.90999985
2023-01-02,2023-01-02 00:00:00,2023-01-02,2023-01-02 02:00:00,Finland,FI,FI,Day-ahead,,EUR,hourly,51.66999817
2023-01-02,2023-01-02 01:00:00,2023-01-02,2023-01-02 03:00:00,Finland,FI,FI,Day-ahead,,EUR,hourly,52.86000061
2023-01-02,2023-01-02 02:00:00,2023-01-02,2023-01-02 04:00:00,Finland,FI,FI,Day-ahead,,EUR,hourly,44.15999985
2023-01-02,2023-01-02 03:00:00,2023-01-02,2023-01-02 05:00:00,Finland,FI,FI,Day-ahead,,EUR,hourly,50.08000183
2023-01-02,2023-01-02 04:00:00,2023-01-02,2023-01-02 06:00:00,Finland,FI,FI,Day-ahead,,EUR,hourly,70.73000336
2023-01-02,2023-01-02 05:00:00,2023-01-02,2023-01-02 07:00:00,Finland,FI,FI,Day-ahead,,EUR,hourly,102.5599976
2023-01-02,2023-01-02 06:00:00,2023-01-02,2023-01-02 08:00:00,Finland,FI,FI,Day-ahead,,EUR,hourly,138.1900024
2023-01-02,2023-01-02 07:00:00,2023-01-02,2023-01-02 09:00:00,Finland,FI,FI,Day-ahead,,EUR,hourly,145.9799957
2023-01-02,2023-01-02 08:00:00,2023-01-02,2023-01-02 10:00:00,Finland,FI,FI,Day-ahead,,EUR,hourly,147.0500031
2023-01-02,2023-01-02 09:00:00,2023-01-02,2023-01-02 11:00:00,Finland,FI,FI,Day-ahead,,EUR,hourly,145.6100006
2023-01-02,2023-01-02 10:00:00,2023-01-02,2023-01-02 12:00:00,Finland,FI,FI,Day-ahead,,EUR,hourly,143.3500061
2023-01-02,2023-01-02 11:00:00,2023-01-02,2023-01-02 13:00:00,Finland,FI,FI,Day-ahead,,EUR,hourly,144.3800049
2023-01-02,2023-01-02 12:00:00,2023-01-02,2023-01-02 14:00:00,Finland,FI,FI,Day-ahead,,EUR,hourly,143.7599945
2023-01-02,2023-01-02 13:00:00,2023-01-02,2023-01-02 15:00:00,Finland,FI,FI,Day-ahead,,EUR,hourly,148.1999969
2023-01-02,2023-01-02 14:00:00,2023-01-02,2023-01-02 16:00:00,Finland,FI,FI,Day-ahead,,EUR,hourly,155.3399963
2023-01-02,2023-01-02 15:00:00,2023-01-02,2023-01-02 17:00:00,Finland,FI,FI,Day-ahead,,EUR,hourly,162.8899994
2023-01-02,2023-01-02 16:00:00,2023-01-02,2023-01-02 18:00:00,Finland,FI,FI,Day-ahead,,EUR,hourly,170
2023-01-02,2023-01-02 17:00:00,2023-01-02,2023-01-02 19:00:00,Finland,FI,FI,Day-ahead,,EUR,hourly,174.7400055
2023-01-02,2023-01-02 18:00:00,2023-01-02,2023-01-02 20:00:00,Finland,FI,FI,Day-ahead,,EUR,hourly,164.4600067
2023-01-02,2023-01-02 19:00:00,2023-01-02,2023-01-02 21:00:00,Finland,FI,FI,Day-ahead,,EUR,hourly,153
2023-01-02,2023-01-02 20:00:00,2023-01-02,2023-01-02 22:00:00,Finland,FI,FI,Day-ahead,,EUR,hourly,141.6699982
2023-01-02,2023-01-02 21:00:00,2023-01-02,2023-01-02 23:00:00,Finland,FI,FI,Day-ahead,,EUR,hourly,131.6699982
2023-01-02,2023-01-02 22:00:00,2023-01-03,2023-01-03 00:00:00,Finland,FI,FI,Day-ahead,,EUR,hourly,118.0599976
2023-01-02,2023-01-02 23:00:00,2023-01-03,2023-01-03 01:00:00,Finland,FI,FI,Day-ahead,,EUR,hourly,78.80999756
2023-01-03,2023-01-03 00:00:00,2023-01-03,2023-01-03 02:00:00,Finland,FI,FI,Day-ahead,,EUR,hourly,73.93000031
2023-01-03,2023-01-03 01:00:00,2023-01-03,2023-01-03 03:00:00,Finland,FI,FI,Day-ahead,,EUR,hourly,73.94000244
2023-01-03,2023-01-03 02:00:00,2023-01-03,2023-01-03 04:00:00,Finland,FI,FI,Day-ahead,,EUR,hourly,71.44000244
2023-01-03,2023-01-03 03:00:00,2023-01-03,2023-01-03 05:00:00,Finland,FI,FI,Day-ahead,,EUR,hourly,72.33000183
2023-01-03,2023-01-03 04:00:00,2023-01-03,2023-01-03 06:00:00,Finland,FI,FI,Day-ahead,,EUR,hourly,77.13999939
2023-01-03,2023-01-03 05:00:00,2023-01-03,2023-01-03 07:00:00,Finland,FI,FI,Day-ahead,,EUR,hourly,102.4800034
2023-01-03,2023-01-03 06:00:00,2023-01-03,2023-01-03 08:00:00,Finland,FI,FI,Day-ahead,,EUR,hourly,154.9600067
2023-01-03,2023-01-03 07:00:00,2023-01-03,2023-01-03 09:00:00,Finland,FI,FI,Day-ahead,,EUR,hourly,163.9199982
2023-01-03,2023-01-03 08:00:00,2023-01-03,2023-01-03 10:00:00,Finland,FI,FI,Day-ahead,,EUR,hourly,167.0700073
2023-01-03,2023-01-03 09:00:00,2023-01-03,2023-01-03 11:00:00,Finland,FI,FI,Day-ahead,,EUR,hourly,168.5700073
2023-01-03,2023-01-03 10:00:00,2023-01-03,2023-01-03 12:00:00,Finland,FI,FI,Day-ahead,,EUR,hourly,169.4900055
2023-01-03,2023-01-03 11:00:00,2023-01-03,2023-01-03 13:00:00,Finland,FI,FI,Day-ahead,,EUR,hourly,164.5
2023-01-03,2023-01-03 12:00:00,2023-01-03,2023-01-03 14:00:00,Finland,FI,FI,Day-ahead,,EUR,hourly,160.9100037
2023-01-03,2023-01-03 13:00:00,2023-01-03,2023-01-03 15:00:00,Finland,FI,FI,Day-ahead,,EUR,hourly,163.0599976
2023-01-03,2023-01-03 14:00:00,2023-01-03,2023-01-03 16:00:00,Finland,FI,FI,Day-ahead,,EUR,hourly,167.7299957
2023-01-03,2023-01-03 15:00:00,2023-01-03,2023-01-03 17:00:00,Finland,FI,FI,Day-ahead,,EUR,hourly,166.6100006
2023-01-03,2023-01-03 16:00:00,2023-01-03,2023-01-03 18:00:00,Finland,FI,FI,Day-ahead,,EUR,hourly,170.7200012
2023-01-03,2023-01-03 17:00:00,2023-01-03,2023-01-03 19:00:00,Finland,FI,FI,Day-ahead,,EUR,hourly,168.9299927
2023-01-03,2023-01-03 18:00:00,2023-01-03,2023-01-03 20:00:00,Finland,FI,FI,Day-ahead,,EUR,hourly,160.9900055
2023-01-03,2023-01-03 19:00:00,2023-01-03,2023-01-03 21:00:00,Finland,FI,FI,Day-ahead,,EUR,hourly,149.6199951
2023-01-03,2023-01-03 20:00:00,2023-01-03,2023-01-03 22:00:00,Finland,FI,FI,Day-ahead,,EUR,hourly,131.0500031
2023-01-03,2023-01-03 21:00:00,2023-01-03,2023-01-03 23:00:00,Finland,FI,FI,Day-ahead,,EUR,hourly,114.2699966
2023-01-03,2023-01-03 22:00:00,2023-01-04,2023-01-04 00:00:00,Finland,FI,FI,Day-ahead,,EUR,hourly,93.66000366
2023-01-03,2023-01-03 23:00:00,2023-01-04,2023-01-04 01:00:00,Finland,FI,FI,Day-ahead,,EUR,hourly,82.87999725
2023-01-04,2023-01-04 00:00:00,2023-01-04,2023-01-04 02:00:00,Finland,FI,FI,Day-ahead,,EUR,hourly,78.83999634
2023-01-04,2023-01-04 01:00:00,2023-01-04,2023-01-04 03:00:00,Finland,FI,FI,Day-ahead,,EUR,hourly,69.93000031
2023-01-04,2023-01-04 02:00:00,2023-01-04,2023-01-04 04:00:00,Finland,FI,FI,Day-ahead,,EUR,hourly,69.26000214
2023-01-04,2023-01-04 03:00:00,2023-01-04,2023-01-04 05:00:00,Finland,FI,FI,Day-ahead,,EUR,hourly,71.75
2023-01-04,2023-01-04 04:00:00,2023-01-04,2023-01-04 06:00:00,Finland,FI,FI,Day-ahead,,EUR,hourly,81.73000336
2023-01-04,2023-01-04 05:00:00,2023-01-04,2023-01-04 07:00:00,Finland,FI,FI,Day-ahead,,EUR,hourly,112.7600021
2023-01-04,2023-01-04 06:00:00,2023-01-04,2023-01-04 08:00:00,Finland,FI,FI,Day-ahead,,EUR,hourly,126.7200012
2023-01-04,2023-01-04 07:00:00,2023-01-04,2023-01-04 09:00:00,Finland,FI,FI,Day-ahead,,EUR,hourly,127.9100037
2023-01-04,2023-01-04 08:00:00,2023-01-04,2023-01-04 10:00:00,Finland,FI,FI,Day-ahead,,EUR,hourly,127.9199982
2023-01-04,2023-01-04 09:00:00,2023-01-04,2023-01-04 11:00:00,Finland,FI,FI,Day-ahead,,EUR,hourly,121.25
2023-01-04,2023-01-04 10:00:00,2023-01-04,2023-01-04 12:00:00,Finland,FI,FI,Day-ahead,,EUR,hourly,118.9700012
2023-01-04,2023-01-04 11:00:00,2023-01-04,2023-01-04 13:00:00,Finland,FI,FI,Day-ahead,,EUR,hourly,119.9199982
2023-01-04,2023-01-04 12:00:00,2023-01-04,2023-01-04 14:00:00,Finland,FI,FI,Day-ahead,,EUR,hourly,135.0700073
2023-01-04,2023-01-04 13:00:00,2023-01-04,2023-01-04 15:00:00,Finland,FI,FI,Day-ahead,,EUR,hourly,130.0800018
2023-01-04,2023-01-04 14:00:00,2023-01-04,2023-01-04 16:00:00,Finland,FI,FI,Day-ahead,,EUR,hourly,130.0500031
2023-01-04,2023-01-04 15:00:00,2023-01-04,2023-01-04 17:00:00,Finland,FI,FI,Day-ahead,,EUR,hourly,125.0699997
2023-01-04,2023-01-04 16:00:00,2023-01-04,2023-01-04 18:00:00,Finland,FI,FI,Day-ahead,,EUR,hourly,133.4400024
2023-01-04,2023-01-04 17:00:00,2023-01-04,2023-01-04 19:00:00,Finland,FI,FI,Day-ahead,,EUR,hourly,125.0100021
2023-01-04,2023-01-04 18:00:00,2023-01-04,2023-01-04 20:00:00,Finland,FI,FI,Day-ahead,,EUR,hourly,119.8799973
2023-01-04,2023-01-04 19:00:00,2023-01-04,2023-01-04 21:00:00,Finland,FI,FI,Day-ahead,,EUR,hourly,64.55999756
2023-01-04,2023-01-04 20:00:00,2023-01-04,2023-01-04 22:00:00,Finland,FI,FI,Day-ahead,,EUR,hourly,57.25999832
2023-01-04,2023-01-04 21:00:00,2023-01-04,2023-01-04 23:00:00,Finland,FI,FI,Day-ahead,,EUR,hourly,37.93999863
2023-01-04,2023-01-04 22:00:00,2023-01-05,2023-01-05 00:00:00,Finland,FI,FI,Day-ahead,,EUR,hourly,30.81999969
2023-01-04,2023-01-04 23:00:00,2023-01-05,2023-01-05 01:00:00,Finland,FI,FI,Day-ahead,,EUR,hourly,30.03000069
2023-01-05,2023-01-05 00:00:00,2023-01-05,2023-01-05 02:00:00,Finland,FI,FI,Day-ahead,,EUR,hourly,28.14999962
2023-01-05,2023-01-05 01:00:00,2023-01-05,2023-01-05 03:00:00,Finland,FI,FI,Day-ahead,,EUR,hourly,27.68000031
2023-01-05,2023-01-05 02:00:00,2023-01-05,2023-01-05 04:00:00,Finland,FI,FI,Day-ahead,,EUR,hourly,27.76000023
2023-01-05,2023-01-05 03:00:00,2023-01-05,2023-01-05 05:00:00,Finland,FI,FI,Day-ahead,,EUR,hourly,28.62999916
2023-01-05,2023-01-05 04:00:00,2023-01-05,2023-01-05 06:00:00,Finland,FI,FI,Day-ahead,,EUR,hourly,39.79999924
2023-01-05,2023-01-05 05:00:00,2023-01-05,2023-01-05 07:00:00,Finland,FI,FI,Day-ahead,,EUR,hourly,62.70000076
2023-01-05,2023-01-05 06:00:00,2023-01-05,2023-01-05 08:00:00,Finland,FI,FI,Day-ahead,,EUR,hourly,85.52999878
2023-01-05,2023-01-05 07:00:00,2023-01-05,2023-01-05 09:00:00,Finland,FI,FI,Day-ahead,,EUR,hourly,93.54000092
2023-01-05,2023-01-05 08:00:00,2023-01-05,2023-01-05 10:00:00,Finland,FI,FI,Day-ahead,,EUR,hourly,107.9199982
2023-01-05,2023-01-05 09:00:00,2023-01-05,2023-01-05 11:00:00,Finland,FI,FI,Day-ahead,,EUR,hourly,128.75
2023-01-05,2023-01-05 10:00:00,2023-01-05,2023-01-05 12:00:00,Finland,FI,FI,Day-ahead,,EUR,hourly,139.6399994
2023-01-05,2023-01-05 11:00:00,2023-01-05,2023-01-05 13:00:00,Finland,FI,FI,Day-ahead,,EUR,hourly,139.9900055
2023-01-05,2023-01-05 12:00:00,2023-01-05,2023-01-05 14:00:00,Finland,FI,FI,Day-ahead,,EUR,hourly,142.5800018
2023-01-05,2023-01-05 13:00:00,2023-01-05,2023-01-05 15:00:00,Finland,FI,FI,Day-ahead,,EUR,hourly,149.3999939
2023-01-05,2023-01-05 14:00:00,2023-01-05,2023-01-05 16:00:00,Finland,FI,FI,Day-ahead,,EUR,hourly,155.1999969
2023-01-05,2023-01-05 15:00:00,2023-01-05,2023-01-05 17:00:00,Finland,FI,FI,Day-ahead,,EUR,hourly,168.5899963
2023-01-05,2023-01-05 16:00:00,2023-01-05,2023-01-05 18:00:00,Finland,FI,FI,Day-ahead,,EUR,hourly,190.0299988
2023-01-05,2023-01-05 17:00:00,2023-01-05,2023-01-05 19:00:00,Finland,FI,FI,Day-ahead,,EUR,hourly,190
2023-01-05,2023-01-05 18:00:00,2023-01-05,2023-01-05 20:00:00,Finland,FI,FI,Day-ahead,,EUR,hourly,173.7100067
2023-01-05,2023-01-05 19:00:00,2023-01-05,2023-01-05 21:00:00,Finland,FI,FI,Day-ahead,,EUR,hourly,160.0500031
2023-01-05,2023-01-05 20:00:00,2023-01-05,2023-01-05 22:00:00,Finland,FI,FI,Day-ahead,,EUR,hourly,148.6199951
2023-01-05,2023-01-05 21:00:00,2023-01-05,2023-01-05 23:00:00,Finland,FI,FI,Day-ahead,,EUR,hourly,141.1699982
2023-01-05,2023-01-05 22:00:00,2023-01-06,2023-01-06 00:00:00,Finland,FI,FI,Day-ahead,,EUR,hourly,127
2023-01-05,2023-01-05 23:00:00,2023-01-06,2023-01-06 01:00:00,Finland,FI,FI,Day-ahead,,EUR,hourly,107.2099991
2023-01-06,2023-01-06 00:00:00,2023-01-06,2023-01-06 02:00:00,Finland,FI,FI,Day-ahead,,EUR,hourly,101.0999985
2023-01-06,2023-01-06 01:00:00,2023-01-06,2023-01-06 03:00:00,Finland,FI,FI,Day-ahead,,EUR,hourly,96.73000336
2023-01-06,2023-01-06 02:00:00,2023-01-06,2023-01-06 04:00:00,Finland,FI,FI,Day-ahead,,EUR,hourly,82.33999634
2023-01-06,2023-01-06 03:00:00,2023-01-06,2023-01-06 05:00:00,Finland,FI,FI,Day-ahead,,EUR,hourly,81.93000031
2023-01-06,2023-01-06 04:00:00,2023-01-06,2023-01-06 06:00:00,Finland,FI,FI,Day-ahead,,EUR,hourly,98.11000061
2023-01-06,2023-01-06 05:00:00,2023-01-06,2023-01-06 07:00:00,Finland,FI,FI,Day-ahead,,EUR,hourly,100.7200012
2023-01-06,2023-01-06 06:00:00,2023-01-06,2023-01-06 08:00:00,Finland,FI,FI,Day-ahead,,EUR,hourly,128.3000031
2023-01-06,2023-01-06 07:00:00,2023-01-06,2023-01-06 09:00:00,Finland,FI,FI,Day-ahead,,EUR,hourly,135.5700073
2023-01-06,2023-01-06 08:00:00,2023-01-06,2023-01-06 10:00:00,Finland,FI,FI,Day-ahead,,EUR,hourly,126.9100037
2023-01-06,2023-01-06 09:00:00,2023-01-06,2023-01-06 11:00:00,Finland,FI,FI,Day-ahead,,EUR,hourly,123.1699982
2023-01-06,2023-01-06 10:00:00,2023-01-06,2023-01-06 12:00:00,Finland,FI,FI,Day-ahead,,EUR,hourly,116.1200027
2023-01-06,2023-01-06 11:00:00,2023-01-06,2023-01-06 13:00:00,Finland,FI,FI,Day-ahead,,EUR,hourly,116.8300018
2023-01-06,2023-01-06 12:00:00,2023-01-06,2023-01-06 14:00:00,Finland,FI,FI,Day-ahead,,EUR,hourly,106.7900009
2023-01-06,2023-01-06 13:00:00,2023-01-06,2023-01-06 15:00:00,Finland,FI,FI,Day-ahead,,EUR,hourly,127.5400009
2023-01-06,2023-01-06 14:00:00,2023-01-06,2023-01-06 16:00:00,Finland,FI,FI,Day-ahead,,EUR,hourly,131.2700043
2023-01-06,2023-01-06 15:00:00,2023-01-06,2023-01-06 17:00:00,Finland,FI,FI,Day-ahead,,EUR,hourly,135.6199951
2023-01-06,2023-01-06 16:00:00,2023-01-06,2023-01-06 18:00:00,Finland,FI,FI,Day-ahead,,EUR,hourly,150.7200012
2023-01-06,2023-01-06 17:00:00,2023-01-06,2023-01-06 19:00:00,Finland,FI,FI,Day-ahead,,EUR,hourly,142.1100006
2023-01-06,2023-01-06 18:00:00,2023-01-06,2023-01-06 20:00:00,Finland,FI,FI,Day-ahead,,EUR,hourly,119.9199982
2023-01-06,2023-01-06 19:00:00,2023-01-06,2023-01-06 21:00:00,Finland,FI,FI,Day-ahead,,EUR,hourly,107.2200012
2023-01-06,2023-01-06 20:00:00,2023-01-06,2023-01-06 22:00:00,Finland,FI,FI,Day-ahead,,EUR,hourly,101.0199966
2023-01-06,2023-01-06 21:00:00,2023-01-06,2023-01-06 23:00:00,Finland,FI,FI,Day-ahead,,EUR,hourly,74.25
2023-01-06,2023-01-06 22:00:00,2023-01-07,2023-01-07 00:00:00,Finland,FI,FI,Day-ahead,,EUR,hourly,71.73999786
2023-01-06,2023-01-06 23:00:00,2023-01-07,2023-01-07 01:00:00,Finland,FI,FI,Day-ahead,,EUR,hourly,71.66999817
2023-01-07,2023-01-07 00:00:00,2023-01-07,2023-01-07 02:00:00,Finland,FI,FI,Day-ahead,,EUR,hourly,69.93000031
2023-01-07,2023-01-07 01:00:00,2023-01-07,2023-01-07 03:00:00,Finland,FI,FI,Day-ahead,,EUR,hourly,69.94000244
2023-01-07,2023-01-07 02:00:00,2023-01-07,2023-01-07 04:00:00,Finland,FI,FI,Day-ahead,,EUR,hourly,70.94999695
2023-01-07,2023-01-07 03:00:00,2023-01-07,2023-01-07 05:00:00,Finland,FI,FI,Day-ahead,,EUR,hourly,73.83000183
2023-01-07,2023-01-07 04:00:00,2023-01-07,2023-01-07 06:00:00,Finland,FI,FI,Day-ahead,,EUR,hourly,75.26000214
2023-01-07,2023-01-07 05:00:00,2023-01-07,2023-01-07 07:00:00,Finland,FI,FI,Day-ahead,,EUR,hourly,77.81999969
2023-01-07,2023-01-07 06:00:00,2023-01-07,2023-01-07 08:00:00,Finland,FI,FI,Day-ahead,,EUR,hourly,75.97000122
2023-01-07,2023-01-07 07:00:00,2023-01-07,2023-01-07 09:00:00,Finland,FI,FI,Day-ahead,,EUR,hourly,79.98000336
2023-01-07,2023-01-07 08:00:00,2023-01-07,2023-01-07 10:00:00,Finland,FI,FI,Day-ahead,,EUR,hourly,97.09999847
2023-01-07,2023-01-07 09:00:00,2023-01-07,2023-01-07 11:00:00,Finland,FI,FI,Day-ahead,,EUR,hourly,90.25
2023-01-07,2023-01-07 10:00:00,2023-01-07,2023-01-07 12:00:00,Finland,FI,FI,Day-ahead,,EUR,hourly,79.80000305
2023-01-07,2023-01-07 11:00:00,2023-01-07,2023-01-07 13:00:00,Finland,FI,FI,Day-ahead,,EUR,hourly,80.05000305
2023-01-07,2023-01-07 12:00:00,2023-01-07,2023-01-07 14:00:00,Finland,FI,FI,Day-ahead,,EUR,hourly,80.62999725
2023-01-07,2023-01-07 13:00:00,2023-01-07,2023-01-07 15:00:00,Finland,FI,FI,Day-ahead,,EUR,hourly,80.51000214
2023-01-07,2023-01-07 14:00:00,2023-01-07,2023-01-07 16:00:00,Finland,FI,FI,Day-ahead,,EUR,hourly,78.94000244
2023-01-07,2023-01-07 15:00:00,2023-01-07,2023-01-07 17:00:00,Finland,FI,FI,Day-ahead,,EUR,hourly,79.93000031
2023-01-07,2023-01-07 16:00:00,2023-01-07,2023-01-07 18:00:00,Finland,FI,FI,Day-ahead,,EUR,hourly,78.68000031
2023-01-07,2023-01-07 17:00:00,2023-01-07,2023-01-07 19:00:00,Finland,FI,FI,Day-ahead,,EUR,hourly,78.37999725
2023-01-07,2023-01-07 18:00:00,2023-01-07,2023-01-07 20:00:00,Finland,FI,FI,Day-ahead,,EUR,hourly,74.38999939
2023-01-07,2023-01-07 19:00:00,2023-01-07,2023-01-07 21:00:00,Finland,FI,FI,Day-ahead,,EUR,hourly,66.98000336
2023-01-07,2023-01-07 20:00:00,2023-01-07,2023-01-07 22:00:00,Finland,FI,FI,Day-ahead,,EUR,hourly,59.99000168
2023-01-07,2023-01-07 21:00:00,2023-01-07,2023-01-07 23:00:00,Finland,FI,FI,Day-ahead,,EUR,hourly,48.79999924
2023-01-07,2023-01-07 22:00:00,2023-01-08,2023-01-08 00:00:00,Finland,FI,FI,Day-ahead,,EUR,hourly,35.90000153
2023-01-07,2023-01-07 23:00:00,2023-01-08,2023-01-08 01:00:00,Finland,FI,FI,Day-ahead,,EUR,hourly,24.44000053
2023-01-08,2023-01-08 00:00:00,2023-01-08,2023-01-08 02:00:00,Finland,FI,FI,Day-ahead,,EUR,hourly,9.300000191
2023-01-08,2023-01-08 01:00:00,2023-01-08,2023-01-08 03:00:00,Finland,FI,FI,Day-ahead,,EUR,hourly,9.100000381
2023-01-08,2023-01-08 02:00:00,2023-01-08,2023-01-08 04:00:00,Finland,FI,FI,Day-ahead,,EUR,hourly,4.159999847
2023-01-08,2023-01-08 03:00:00,2023-01-08,2023-01-08 05:00:00,Finland,FI,FI,Day-ahead,,EUR,hourly,5.579999924
2023-01-08,2023-01-08 04:00:00,2023-01-08,2023-01-08 06:00:00,Finland,FI,FI,Day-ahead,,EUR,hourly,9.920000076
2023-01-08,2023-01-08 05:00:00,2023-01-08,2023-01-08 07:00:00,Finland,FI,FI,Day-ahead,,EUR,hourly,9.020000458
2023-01-08,2023-01-08 06:00:00,2023-01-08,2023-01-08 08:00:00,Finland,FI,FI,Day-ahead,,EUR,hourly,16.46999931
2023-01-08,2023-01-08 07:00:00,2023-01-08,2023-01-08 09:00:00,Finland,FI,FI,Day-ahead,,EUR,hourly,27.07999992
2023-01-08,2023-01-08 08:00:00,2023-01-08,2023-01-08 10:00:00,Finland,FI,FI,Day-ahead,,EUR,hourly,29.07999992
2023-01-08,2023-01-08 09:00:00,2023-01-08,2023-01-08 11:00:00,Finland,FI,FI,Day-ahead,,EUR,hourly,35.22000122
2023-01-08,2023-01-08 10:00:00,2023-01-08,2023-01-08 12:00:00,Finland,FI,FI,Day-ahead,,EUR,hourly,47
2023-01-08,2023-01-08 11:00:00,2023-01-08,2023-01-08 13:00:00,Finland,FI,FI,Day-ahead,,EUR,hourly,47
2023-01-08,2023-01-08 12:00:00,2023-01-08,2023-01-08 14:00:00,Finland,FI,FI,Day-ahead,,EUR,hourly,48.95999908
2023-01-08,2023-01-08 13:00:00,2023-01-08,2023-01-08 15:00:00,Finland,FI,FI,Day-ahead,,EUR,hourly,54.90999985
2023-01-08,2023-01-08 14:00:00,2023-01-08,2023-01-08 16:00:00,Finland,FI,FI,Day-ahead,,EUR,hourly,63.49000168
2023-01-08,2023-01-08 15:00:00,2023-01-08,2023-01-08 17:00:00,Finland,FI,FI,Day-ahead,,EUR,hourly,66.11000061
2023-01-08,2023-01-08 16:00:00,2023-01-08,2023-01-08 18:00:00,Finland,FI,FI,Day-ahead,,EUR,hourly,69.19000244
2023-01-08,2023-01-08 17:00:00,2023-01-08,2023-01-08 19:00:00,Finland,FI,FI,Day-ahead,,EUR,hourly,69.91000366
2023-01-08,2023-01-08 18:00:00,2023-01-08,2023-01-08 20:00:00,Finland,FI,FI,Day-ahead,,EUR,hourly,65.62000275
2023-01-08,2023-01-08 19:00:00,2023-01-08,2023-01-08 21:00:00,Finland,FI,FI,Day-ahead,,EUR,hourly,60.97999954
2023-01-08,2023-01-08 20:00:00,2023-01-08,2023-01-08 22:00:00,Finland,FI,FI,Day-ahead,,EUR,hourly,57.40999985
2023-01-08,2023-01-08 21:00:00,2023-01-08,2023-01-08 23:00:00,Finland,FI,FI,Day-ahead,,EUR,hourly,50.02000046
2023-01-08,2023-01-08 22:00:00,2023-01-09,2023-01-09 00:00:00,Finland,FI,FI,Day-ahead,,EUR,hourly,46.29000092
2023-01-08,2023-01-08 23:00:00,2023-01-09,2023-01-09 01:00:00,Finland,FI,FI,Day-ahead,,EUR,hourly,69.04000092
2023-01-09,2023-01-09 00:00:00,2023-01-09,2023-01-09 02:00:00,Finland,FI,FI,Day-ahead,,EUR,hourly,64.37999725
2023-01-09,2023-01-09 01:00:00,2023-01-09,2023-01-09 03:00:00,Finland,FI,FI,Day-ahead,,EUR,hourly,60.27999878
2023-01-09,2023-01-09 02:00:00,2023-01-09,2023-01-09 04:00:00,Finland,FI,FI,Day-ahead,,EUR,hourly,39.40999985
2023-01-09,2023-01-09 03:00:00,2023-01-09,2023-01-09 05:00:00,Finland,FI,FI,Day-ahead,,EUR,hourly,47.34000015
2023-01-09,2023-01-09 04:00:00,2023-01-09,2023-01-09 06:00:00,Finland,FI,FI,Day-ahead,,EUR,hourly,68.98999786
2023-01-09,2023-01-09 05:00:00,2023-01-09,2023-01-09 07:00:00,Finland,FI,FI,Day-ahead,,EUR,hourly,82.70999908
2023-01-09,2023-01-09 06:00:00,2023-01-09,2023-01-09 08:00:00,Finland,FI,FI,Day-ahead,,EUR,hourly,81.72000122
2023-01-09,2023-01-09 07:00:00,2023-01-09,2023-01-09 09:00:00,Finland,FI,FI,Day-ahead,,EUR,hourly,82.59999847
2023-01-09,2023-01-09 08:00:00,2023-01-09,2023-01-09 10:00:00,Finland,FI,FI,Day-ahead,,EUR,hourly,83
2023-01-09,2023-01-09 09:00:00,2023-01-09,2023-01-09 11:00:00,Finland,FI,FI,Day-ahead,,EUR,hourly,82.65000153
2023-01-09,2023-01-09 10:00:00,2023-01-09,2023-01-09 12:00:00,Finland,FI,FI,Day-ahead,,EUR,hourly,83.05000305
2023-01-09,2023-01-09 11:00:00,2023-01-09,2023-01-09 13:00:00,Finland,FI,FI,Day-ahead,,EUR,hourly,82.91999817
2023-01-09,2023-01-09 12:00:00,2023-01-09,2023-01-09 14:00:00,Finland,FI,FI,Day-ahead,,EUR,hourly,82.80000305
2023-01-09,2023-01-09 13:00:00,2023-01-09,2023-01-09 15:00:00,Finland,FI,FI,Day-ahead,,EUR,hourly,82.66999817
2023-01-09,2023-01-09 14:00:00,2023-01-09,2023-01-09 16:00:00,Finland,FI,FI,Day-ahead,,EUR,hourly,83.02999878
2023-01-09,2023-01-09 15:00:00,2023-01-09,2023-01-09 17:00:00,Finland,FI,FI,Day-ahead,,EUR,hourly,82.41000366
2023-01-09,2023-01-09 16:00:00,2023-01-09,2023-01-09 18:00:00,Finland,FI,FI,Day-ahead,,EUR,hourly,81.37000275
2023-01-09,2023-01-09 17:00:00,2023-01-09,2023-01-09 19:00:00,Finland,FI,FI,Day-ahead,,EUR,hourly,81.23999786
2023-01-09,2023-01-09 18:00:00,2023-01-09,2023-01-09 20:00:00,Finland,FI,FI,Day-ahead,,EUR,hourly,81.19999695
2023-01-09,2023-01-09 19:00:00,2023-01-09,2023-01-09 21:00:00,Finland,FI,FI,Day-ahead,,EUR,hourly,82.31999969
2023-01-09,2023-01-09 20:00:00,2023-01-09,2023-01-09 22:00:00,Finland,FI,FI,Day-ahead,,EUR,hourly,85.54000092
2023-01-09,2023-01-09 21:00:00,2023-01-09,2023-01-09 23:00:00,Finland,FI,FI,Day-ahead,,EUR,hourly,83.83999634
2023-01-09,2023-01-09 22:00:00,2023-01-10,2023-01-10 00:00:00,Finland,FI,FI,Day-ahead,,EUR,hourly,80.58999634
2023-01-09,2023-01-09 23:00:00,2023-01-10,2023-01-10 01:00:00,Finland,FI,FI,Day-ahead,,EUR,hourly,76.05000305
2023-01-10,2023-01-10 00:00:00,2023-01-10,2023-01-10 02:00:00,Finland,FI,FI,Day-ahead,,EUR,hourly,79.94999695
2023-01-10,2023-01-10 01:00:00,2023-01-10,2023-01-10 03:00:00,Finland,FI,FI,Day-ahead,,EUR,hourly,78.81999969
2023-01-10,2023-01-10 02:00:00,2023-01-10,2023-01-10 04:00:00,Finland,FI,FI,Day-ahead,,EUR,hourly,80.05999756
2023-01-10,2023-01-10 03:00:00,2023-01-10,2023-01-10 05:00:00,Finland,FI,FI,Day-ahead,,EUR,hourly,83.16000366
2023-01-10,2023-01-10 04:00:00,2023-01-10,2023-01-10 06:00:00,Finland,FI,FI,Day-ahead,,EUR,hourly,91.01999664
2023-01-10,2023-01-10 05:00:00,2023-01-10,2023-01-10 07:00:00,Finland,FI,FI,Day-ahead,,EUR,hourly,117.8000031
2023-01-10,2023-01-10 06:00:00,2023-01-10,2023-01-10 08:00:00,Finland,FI,FI,Day-ahead,,EUR,hourly,117.7099991
2023-01-10,2023-01-10 07:00:00,2023-01-10,2023-01-10 09:00:00,Finland,FI,FI,Day-ahead,,EUR,hourly,99.97000122
2023-01-10,2023-01-10 08:00:00,2023-01-10,2023-01-10 10:00:00,Finland,FI,FI,Day-ahead,,EUR,hourly,97.45999908
2023-01-10,2023-01-10 09:00:00,2023-01-10,2023-01-10 11:00:00,Finland,FI,FI,Day-ahead,,EUR,hourly,107.7900009
2023-01-10,2023-01-10 10:00:00,2023-01-10,2023-01-10 12:00:00,Finland,FI,FI,Day-ahead,,EUR,hourly,118.6200027
2023-01-10,2023-01-10 11:00:00,2023-01-10,2023-01-10 13:00:00,Finland,FI,FI,Day-ahead,,EUR,hourly,140.0700073
2023-01-10,2023-01-10 12:00:00,2023-01-10,2023-01-10 14:00:00,Finland,FI,FI,Day-ahead,,EUR,hourly,139.9700012
2023-01-10,2023-01-10 13:00:00,2023-01-10,2023-01-10 15:00:00,Finland,FI,FI,Day-ahead,,EUR,hourly,141.9199982
2023-01-10,2023-01-10 14:00:00,2023-01-10,2023-01-10 16:00:00,Finland,FI,FI,Day-ahead,,EUR,hourly,142.4199982
2023-01-10,2023-01-10 15:00:00,2023-01-10,2023-01-10 17:00:00,Finland,FI,FI,Day-ahead,,EUR,hourly,139.3099976
2023-01-10,2023-01-10 16:00:00,2023-01-10,2023-01-10 18:00:00,Finland,FI,FI,Day-ahead,,EUR,hourly,142.8300018
2023-01-10,2023-01-10 17:00:00,2023-01-10,2023-01-10 19:00:00,Finland,FI,FI,Day-ahead,,EUR,hourly,169.1699982
2023-01-10,2023-01-10 18:00:00,2023-01-10,2023-01-10 20:00:00,Finland,FI,FI,Day-ahead,,EUR,hourly,149.3500061
2023-01-10,2023-01-10 19:00:00,2023-01-10,2023-01-10 21:00:00,Finland,FI,FI,Day-ahead,,EUR,hourly,105.6399994
2023-01-10,2023-01-10 20:00:00,2023-01-10,2023-01-10 22:00:00,Finland,FI,FI,Day-ahead,,EUR,hourly,142.0399933
2023-01-10,2023-01-10 21:00:00,2023-01-10,2023-01-10 23:00:00,Finland,FI,FI,Day-ahead,,EUR,hourly,105.6900024
2023-01-10,2023-01-10 22:00:00,2023-01-11,2023-01-11 00:00:00,Finland,FI,FI,Day-ahead,,EUR,hourly,87.06999969
2023-01-10,2023-01-10 23:00:00,2023-01-11,2023-01-11 01:00:00,Finland,FI,FI,Day-ahead,,EUR,hourly,52.68999863
2023-01-11,2023-01-11 00:00:00,2023-01-11,2023-01-11 02:00:00,Finland,FI,FI,Day-ahead,,EUR,hourly,31.85000038
2023-01-11,2023-01-11 01:00:00,2023-01-11,2023-01-11 03:00:00,Finland,FI,FI,Day-ahead,,EUR,hourly,25.17000008
2023-01-11,2023-01-11 02:00:00,2023-01-11,2023-01-11 04:00:00,Finland,FI,FI,Day-ahead,,EUR,hourly,22.56999969
2023-01-11,2023-01-11 03:00:00,2023-01-11,2023-01-11 05:00:00,Finland,FI,FI,Day-ahead,,EUR,hourly,41.95999908
2023-01-11,2023-01-11 04:00:00,2023-01-11,2023-01-11 06:00:00,Finland,FI,FI,Day-ahead,,EUR,hourly,65.80999756
2023-01-11,2023-01-11 05:00:00,2023-01-11,2023-01-11 07:00:00,Finland,FI,FI,Day-ahead,,EUR,hourly,114.6200027
2023-01-11,2023-01-11 06:00:00,2023-01-11,2023-01-11 08:00:00,Finland,FI,FI,Day-ahead,,EUR,hourly,95.13999939
2023-01-11,2023-01-11 07:00:00,2023-01-11,2023-01-11 09:00:00,Finland,FI,FI,Day-ahead,,EUR,hourly,72.70999908
2023-01-11,2023-01-11 08:00:00,2023-01-11,2023-01-11 10:00:00,Finland,FI,FI,Day-ahead,,EUR,hourly,69.95999908
2023-01-11,2023-01-11 09:00:00,2023-01-11,2023-01-11 11:00:00,Finland,FI,FI,Day-ahead,,EUR,hourly,68.88999939
2023-01-11,2023-01-11 10:00:00,2023-01-11,2023-01-11 12:00:00,Finland,FI,FI,Day-ahead,,EUR,hourly,69.29000092
2023-01-11,2023-01-11 11:00:00,2023-01-11,2023-01-11 13:00:00,Finland,FI,FI,Day-ahead,,EUR,hourly,68.86000061
2023-01-11,2023-01-11 12:00:00,2023-01-11,2023-01-11 14:00:00,Finland,FI,FI,Day-ahead,,EUR,hourly,66.80000305
2023-01-11,2023-01-11 13:00:00,2023-01-11,2023-01-11 15:00:00,Finland,FI,FI,Day-ahead,,EUR,hourly,69.51999664
2023-01-11,2023-01-11 14:00:00,2023-01-11,2023-01-11 16:00:00,Finland,FI,FI,Day-ahead,,EUR,hourly,75.91000366
2023-01-11,2023-01-11 15:00:00,2023-01-11,2023-01-11 17:00:00,Finland,FI,FI,Day-ahead,,EUR,hourly,76.83999634
2023-01-11,2023-01-11 16:00:00,2023-01-11,2023-01-11 18:00:00,Finland,FI,FI,Day-ahead,,EUR,hourly,74.08000183
2023-01-11,2023-01-11 17:00:00,2023-01-11,2023-01-11 19:00:00,Finland,FI,FI,Day-ahead,,EUR,hourly,75.08000183
2023-01-11,2023-01-11 18:00:00,2023-01-11,2023-01-11 20:00:00,Finland,FI,FI,Day-ahead,,EUR,hourly,67.98999786
2023-01-11,2023-01-11 19:00:00,2023-01-11,2023-01-11 21:00:00,Finland,FI,FI,Day-ahead,,EUR,hourly,65.16000366
2023-01-11,2023-01-11 20:00:00,2023-01-11,2023-01-11 22:00:00,Finland,FI,FI,Day-ahead,,EUR,hourly,60.00999832
2023-01-11,2023-01-11 21:00:00,2023-01-11,2023-01-11 23:00:00,Finland,FI,FI,Day-ahead,,EUR,hourly,49.90999985
2023-01-11,2023-01-11 22:00:00,2023-01-12,2023-01-12 00:00:00,Finland,FI,FI,Day-ahead,,EUR,hourly,43.31999969
2023-01-11,2023-01-11 23:00:00,2023-01-12,2023-01-12 01:00:00,Finland,FI,FI,Day-ahead,,EUR,hourly,19.87999916
2023-01-12,2023-01-12 00:00:00,2023-01-12,2023-01-12 02:00:00,Finland,FI,FI,Day-ahead,,EUR,hourly,5.550000191
2023-01-12,2023-01-12 01:00:00,2023-01-12,2023-01-12 03:00:00,Finland,FI,FI,Day-ahead,,EUR,hourly,4.690000057
2023-01-12,2023-01-12 02:00:00,2023-01-12,2023-01-12 04:00:00,Finland,FI,FI,Day-ahead,,EUR,hourly,0.1000000015
2023-01-12,2023-01-12 03:00:00,2023-01-12,2023-01-12 05:00:00,Finland,FI,FI,Day-ahead,,EUR,hourly,2.730000019
2023-01-12,2023-01-12 04:00:00,2023-01-12,2023-01-12 06:00:00,Finland,FI,FI,Day-ahead,,EUR,hourly,24.94000053
2023-01-12,2023-01-12 05:00:00,2023-01-12,2023-01-12 07:00:00,Finland,FI,FI,Day-ahead,,EUR,hourly,36.00999832
2023-01-12,2023-01-12 06:00:00,2023-01-12,2023-01-12 08:00:00,Finland,FI,FI,Day-ahead,,EUR,hourly,59.97999954
2023-01-12,2023-01-12 07:00:00,2023-01-12,2023-01-12 09:00:00,Finland,FI,FI,Day-ahead,,EUR,hourly,65.18000031
2023-01-12,2023-01-12 08:00:00,2023-01-12,2023-01-12 10:00:00,Finland,FI,FI,Day-ahead,,EUR,hourly,65.02999878
2023-01-12,2023-01-12 09:00:00,2023-01-12,2023-01-12 11:00:00,Finland,FI,FI,Day-ahead,,EUR,hourly,66.30000305
2023-01-12,2023-01-12 10:00:00,2023-01-12,2023-01-12 12:00:00,Finland,FI,FI,Day-ahead,,EUR,hourly,66.72000122
2023-01-12,2023-01-12 11:00:00,2023-01-12,2023-01-12 13:00:00,Finland,FI,FI,Day-ahead,,EUR,hourly,66.59999847
2023-01-12,2023-01-12 12:00:00,2023-01-12,2023-01-12 14:00:00,Finland,FI,FI,Day-ahead,,EUR,hourly,70.84999847
2023-01-12,2023-01-12 13:00:00,2023-01-12,2023-01-12 15:00:00,Finland,FI,FI,Day-ahead,,EUR,hourly,73.76000214
2023-01-12,2023-01-12 14:00:00,2023-01-12,2023-01-12 16:00:00,Finland,FI,FI,Day-ahead,,EUR,hourly,74.44000244
2023-01-12,2023-01-12 15:00:00,2023-01-12,2023-01-12 17:00:00,Finland,FI,FI,Day-ahead,,EUR,hourly,74.80999756
2023-01-12,2023-01-12 16:00:00,2023-01-12,2023-01-12 18:00:00,Finland,FI,FI,Day-ahead,,EUR,hourly,76.38999939
2023-01-12,2023-01-12 17:00:00,2023-01-12,2023-01-12 19:00:00,Finland,FI,FI,Day-ahead,,EUR,hourly,78.65000153
2023-01-12,2023-01-12 18:00:00,2023-01-12,2023-01-12 20:00:00,Finland,FI,FI,Day-ahead,,EUR,hourly,79.81999969
2023-01-12,2023-01-12 19:00:00,2023-01-12,2023-01-12 21:00:00,Finland,FI,FI,Day-ahead,,EUR,hourly,74.08000183
2023-01-12,2023-01-12 20:00:00,2023-01-12,2023-01-12 22:00:00,Finland,FI,FI,Day-ahead,,EUR,hourly,74.5
2023-01-12,2023-01-12 21:00:00,2023-01-12,2023-01-12 23:00:00,Finland,FI,FI,Day-ahead,,EUR,hourly,66.83999634
2023-01-12,2023-01-12 22:00:00,2023-01-13,2023-01-13 00:00:00,Finland,FI,FI,Day-ahead,,EUR,hourly,42.49000168
2023-01-12,2023-01-12 23:00:00,2023-01-13,2023-01-13 01:00:00,Finland,FI,FI,Day-ahead,,EUR,hourly,32.63999939
2023-01-13,2023-01-13 00:00:00,2023-01-13,2023-01-13 02:00:00,Finland,FI,FI,Day-ahead,,EUR,hourly,21.87000084
2023-01-13,2023-01-13 01:00:00,2023-01-13,2023-01-13 03:00:00,Finland,FI,FI,Day-ahead,,EUR,hourly,16.54000092
2023-01-13,2023-01-13 02:00:00,2023-01-13,2023-01-13 04:00:00,Finland,FI,FI,Day-ahead,,EUR,hourly,18.45999908
2023-01-13,2023-01-13 03:00:00,2023-01-13,2023-01-13 05:00:00,Finland,FI,FI,Day-ahead,,EUR,hourly,24.81999969
2023-01-13,2023-01-13 04:00:00,2023-01-13,2023-01-13 06:00:00,Finland,FI,FI,Day-ahead,,EUR,hourly,30.31999969
2023-01-13,2023-01-13 05:00:00,2023-01-13,2023-01-13 07:00:00,Finland,FI,FI,Day-ahead,,EUR,hourly,56.09000015
2023-01-13,2023-01-13 06:00:00,2023-01-13,2023-01-13 08:00:00,Finland,FI,FI,Day-ahead,,EUR,hourly,85.76999664
2023-01-13,2023-01-13 07:00:00,2023-01-13,2023-01-13 09:00:00,Finland,FI,FI,Day-ahead,,EUR,hourly,95.59999847
2023-01-13,2023-01-13 08:00:00,2023-01-13,2023-01-13 10:00:00,Finland,FI,FI,Day-ahead,,EUR,hourly,98.23000336
2023-01-13,2023-01-13 09:00:00,2023-01-13,2023-01-13 11:00:00,Finland,FI,FI,Day-ahead,,EUR,hourly,92.58000183
2023-01-13,2023-01-13 10:00:00,2023-01-13,2023-01-13 12:00:00,Finland,FI,FI,Day-ahead,,EUR,hourly,84.93000031
2023-01-13,2023-01-13 11:00:00,2023-01-13,2023-01-13 13:00:00,Finland,FI,FI,Day-ahead,,EUR,hourly,76.52999878
2023-01-13,2023-01-13 12:00:00,2023-01-13,2023-01-13 14:00:00,Finland,FI,FI,Day-ahead,,EUR,hourly,71.97000122
2023-01-13,2023-01-13 13:00:00,2023-01-13,2023-01-13 15:00:00,Finland,FI,FI,Day-ahead,,EUR,hourly,75.36000061
2023-01-13,2023-01-13 14:00:00,2023-01-13,2023-01-13 16:00:00,Finland,FI,FI,Day-ahead,,EUR,hourly,81.81999969
2023-01-13,2023-01-13 15:00:00,2023-01-13,2023-01-13 17:00:00,Finland,FI,FI,Day-ahead,,EUR,hourly,85.30999756
2023-01-13,2023-01-13 16:00:00,2023-01-13,2023-01-13 18:00:00,Finland,FI,FI,Day-ahead,,EUR,hourly,96.90000153
2023-01-13,2023-01-13 17:00:00,2023-01-13,2023-01-13 19:00:00,Finland,FI,FI,Day-ahead,,EUR,hourly,96.19999695
2023-01-13,2023-01-13 18:00:00,2023-01-13,2023-01-13 20:00:00,Finland,FI,FI,Day-ahead,,EUR,hourly,91.06999969
2023-01-13,2023-01-13 19:00:00,2023-01-13,2023-01-13 21:00:00,Finland,FI,FI,Day-ahead,,EUR,hourly,84.94000244
2023-01-13,2023-01-13 20:00:00,2023-01-13,2023-01-13 22:00:00,Finland,FI,FI,Day-ahead,,EUR,hourly,76.88999939
2023-01-13,2023-01-13 21:00:00,2023-01-13,2023-01-13 23:00:00,Finland,FI,FI,Day-ahead,,EUR,hourly,76.51000214
2023-01-13,2023-01-13 22:00:00,2023-01-14,2023-01-14 00:00:00,Finland,FI,FI,Day-ahead,,EUR,hourly,68.30000305
2023-01-13,2023-01-13 23:00:00,2023-01-14,2023-01-14 01:00:00,Finland,FI,FI,Day-ahead,,EUR,hourly,49.70999908
2023-01-14,2023-01-14 00:00:00,2023-01-14,2023-01-14 02:00:00,Finland,FI,FI,Day-ahead,,EUR,hourly,44.24000168
2023-01-14,2023-01-14 01:00:00,2023-01-14,2023-01-14 03:00:00,Finland,FI,FI,Day-ahead,,EUR,hourly,45.40999985
2023-01-14,2023-01-14 02:00:00,2023-01-14,2023-01-14 04:00:00,Finland,FI,FI,Day-ahead,,EUR,hourly,42.25
2023-01-14,2023-01-14 03:00:00,2023-01-14,2023-01-14 05:00:00,Finland,FI,FI,Day-ahead,,EUR,hourly,41.70000076
2023-01-14,2023-01-14 04:00:00,2023-01-14,2023-01-14 06:00:00,Finland,FI,FI,Day-ahead,,EUR,hourly,41.68000031
2023-01-14,2023-01-14 05:00:00,2023-01-14,2023-01-14 07:00:00,Finland,FI,FI,Day-ahead,,EUR,hourly,45.09999847
2023-01-14,2023-01-14 06:00:00,2023-01-14,2023-01-14 08:00:00,Finland,FI,FI,Day-ahead,,EUR,hourly,53.40000153
2023-01-14,2023-01-14 07:00:00,2023-01-14,2023-01-14 09:00:00,Finland,FI,FI,Day-ahead,,EUR,hourly,53.63000107
2023-01-14,2023-01-14 08:00:00,2023-01-14,2023-01-14 10:00:00,Finland,FI,FI,Day-ahead,,EUR,hourly,56.88999939
2023-01-14,2023-01-14 09:00:00,2023-01-14,2023-01-14 11:00:00,Finland,FI,FI,Day-ahead,,EUR,hourly,66.72000122
2023-01-14,2023-01-14 10:00:00,2023-01-14,2023-01-14 12:00:00,Finland,FI,FI,Day-ahead,,EUR,hourly,65.55999756
2023-01-14,2023-01-14 11:00:00,2023-01-14,2023-01-14 13:00:00,Finland,FI,FI,Day-ahead,,EUR,hourly,65.38999939
2023-01-14,2023-01-14 12:00:00,2023-01-14,2023-01-14 14:00:00,Finland,FI,FI,Day-ahead,,EUR,hourly,79.04000092
2023-01-14,2023-01-14 13:00:00,2023-01-14,2023-01-14 15:00:00,Finland,FI,FI,Day-ahead,,EUR,hourly,80.05000305
2023-01-14,2023-01-14 14:00:00,2023-01-14,2023-01-14 16:00:00,Finland,FI,FI,Day-ahead,,EUR,hourly,98.87000275
2023-01-14,2023-01-14 15:00:00,2023-01-14,2023-01-14 17:00:00,Finland,FI,FI,Day-ahead,,EUR,hourly,102.0999985
2023-01-14,2023-01-14 16:00:00,2023-01-14,2023-01-14 18:00:00,Finland,FI,FI,Day-ahead,,EUR,hourly,104.9100037
2023-01-14,2023-01-14 17:00:00,2023-01-14,2023-01-14 19:00:00,Finland,FI,FI,Day-ahead,,EUR,hourly,101.4199982
2023-01-14,2023-01-14 18:00:00,2023-01-14,2023-01-14 20:00:00,Finland,FI,FI,Day-ahead,,EUR,hourly,80.05999756
2023-01-14,2023-01-14 19:00:00,2023-01-14,2023-01-14 21:00:00,Finland,FI,FI,Day-ahead,,EUR,hourly,70
2023-01-14,2023-01-14 20:00:00,2023-01-14,2023-01-14 22:00:00,Finland,FI,FI,Day-ahead,,EUR,hourly,68.51999664
2023-01-14,2023-01-14 21:00:00,2023-01-14,2023-01-14 23:00:00,Finland,FI,FI,Day-ahead,,EUR,hourly,57.38999939
2023-01-14,2023-01-14 22:00:00,2023-01-15,2023-01-15 00:00:00,Finland,FI,FI,Day-ahead,,EUR,hourly,40.04999924
2023-01-14,2023-01-14 23:00:00,2023-01-15,2023-01-15 01:00:00,Finland,FI,FI,Day-ahead,,EUR,hourly,27.39999962
2023-01-15,2023-01-15 00:00:00,2023-01-15,2023-01-15 02:00:00,Finland,FI,FI,Day-ahead,,EUR,hourly,27.22999954
2023-01-15,2023-01-15 01:00:00,2023-01-15,2023-01-15 03:00:00,Finland,FI,FI,Day-ahead,,EUR,hourly,24.28000069
2023-01-15,2023-01-15 02:00:00,2023-01-15,2023-01-15 04:00:00,Finland,FI,FI,Day-ahead,,EUR,hourly,13
2023-01-15,2023-01-15 03:00:00,2023-01-15,2023-01-15 05:00:00,Finland,FI,FI,Day-ahead,,EUR,hourly,7.980000019
2023-01-15,2023-01-15 04:00:00,2023-01-15,2023-01-15 06:00:00,Finland,FI,FI,Day-ahead,,EUR,hourly,4.849999905
2023-01-15,2023-01-15 05:00:00,2023-01-15,2023-01-15 07:00:00,Finland,FI,FI,Day-ahead,,EUR,hourly,6.050000191
2023-01-15,2023-01-15 06:00:00,2023-01-15,2023-01-15 08:00:00,Finland,FI,FI,Day-ahead,,EUR,hourly,10.09000015
2023-01-15,2023-01-15 07:00:00,2023-01-15,2023-01-15 09:00:00,Finland,FI,FI,Day-ahead,,EUR,hourly,14.02999973
2023-01-15,2023-01-15 08:00:00,2023-01-15,2023-01-15 10:00:00,Finland,FI,FI,Day-ahead,,EUR,hourly,19.06999969
2023-01-15,2023-01-15 09:00:00,2023-01-15,2023-01-15 11:00:00,Finland,FI,FI,Day-ahead,,EUR,hourly,17.82999992
2023-01-15,2023-01-15 10:00:00,2023-01-15,2023-01-15 12:00:00,Finland,FI,FI,Day-ahead,,EUR,hourly,11.69999981
2023-01-15,2023-01-15 11:00:00,2023-01-15,2023-01-15 13:00:00,Finland,FI,FI,Day-ahead,,EUR,hourly,6.929999828
2023-01-15,2023-01-15 12:00:00,2023-01-15,2023-01-15 14:00:00,Finland,FI,FI,Day-ahead,,EUR,hourly,6.039999962
2023-01-15,2023-01-15 13:00:00,2023-01-15,2023-01-15 15:00:00,Finland,FI,FI,Day-ahead,,EUR,hourly,6.090000153
2023-01-15,2023-01-15 14:00:00,2023-01-15,2023-01-15 16:00:00,Finland,FI,FI,Day-ahead,,EUR,hourly,19.10000038
2023-01-15,2023-01-15 15:00:00,2023-01-15,2023-01-15 17:00:00,Finland,FI,FI,Day-ahead,,EUR,hourly,27.43000031
2023-01-15,2023-01-15 16:00:00,2023-01-15,2023-01-15 18:00:00,Finland,FI,FI,Day-ahead,,EUR,hourly,30.89999962
2023-01-15,2023-01-15 17:00:00,2023-01-15,2023-01-15 19:00:00,Finland,FI,FI,Day-ahead,,EUR,hourly,27.61000061
2023-01-15,2023-01-15 18:00:00,2023-01-15,2023-01-15 20:00:00,Finland,FI,FI,Day-ahead,,EUR,hourly,25.89999962
2023-01-15,2023-01-15 19:00:00,2023-01-15,2023-01-15 21:00:00,Finland,FI,FI,Day-ahead,,EUR,hourly,12.47000027
2023-01-15,2023-01-15 20:00:00,2023-01-15,2023-01-15 22:00:00,Finland,FI,FI,Day-ahead,,EUR,hourly,20.79000092
2023-01-15,2023-01-15 21:00:00,2023-01-15,2023-01-15 23:00:00,Finland,FI,FI,Day-ahead,,EUR,hourly,31.04000092
2023-01-15,2023-01-15 22:00:00,2023-01-16,2023-01-16 00:00:00,Finland,FI,FI,Day-ahead,,EUR,hourly,32.38000107
2023-01-15,2023-01-15 23:00:00,2023-01-16,2023-01-16 01:00:00,Finland,FI,FI,Day-ahead,,EUR,hourly,35.34999847
2023-01-16,2023-01-16 00:00:00,2023-01-16,2023-01-16 02:00:00,Finland,FI,FI,Day-ahead,,EUR,hourly,36.13000107
2023-01-16,2023-01-16 01:00:00,2023-01-16,2023-01-16 03:00:00,Finland,FI,FI,Day-ahead,,EUR,hourly,36.13000107
2023-01-16,2023-01-16 02:00:00,2023-01-16,2023-01-16 04:00:00,Finland,FI,FI,Day-ahead,,EUR,hourly,38.56999969
2023-01-16,2023-01-16 03:00:00,2023-01-16,2023-01-16 05:00:00,Finland,FI,FI,Day-ahead,,EUR,hourly,41.81000137
2023-01-16,2023-01-16 04:00:00,2023-01-16,2023-01-16 06:00:00,Finland,FI,FI,Day-ahead,,EUR,hourly,45.59000015
2023-01-16,2023-01-16 05:00:00,2023-01-16,2023-01-16 07:00:00,Finland,FI,FI,Day-ahead,,EUR,hourly,66.80999756
2023-01-16,2023-01-16 06:00:00,2023-01-16,2023-01-16 08:00:00,Finland,FI,FI,Day-ahead,,EUR,hourly,86.62999725
2023-01-16,2023-01-16 07:00:00,2023-01-16,2023-01-16 09:00:00,Finland,FI,FI,Day-ahead,,EUR,hourly,89.33999634
2023-01-16,2023-01-16 08:00:00,2023-01-16,2023-01-16 10:00:00,Finland,FI,FI,Day-ahead,,EUR,hourly,90.95999908
2023-01-16,2023-01-16 09:00:00,2023-01-16,2023-01-16 11:00:00,Finland,FI,FI,Day-ahead,,EUR,hourly,98.73000336
2023-01-16,2023-01-16 10:00:00,2023-01-16,2023-01-16 12:00:00,Finland,FI,FI,Day-ahead,,EUR,hourly,99.37999725
2023-01-16,2023-01-16 11:00:00,2023-01-16,2023-01-16 13:00:00,Finland,FI,FI,Day-ahead,,EUR,hourly,90
2023-01-16,2023-01-16 12:00:00,2023-01-16,2023-01-16 14:00:00,Finland,FI,FI,Day-ahead,,EUR,hourly,91.55000305
2023-01-16,2023-01-16 13:00:00,2023-01-16,2023-01-16 15:00:00,Finland,FI,FI,Day-ahead,,EUR,hourly,89.40000153
2023-01-16,2023-01-16 14:00:00,2023-01-16,2023-01-16 16:00:00,Finland,FI,FI,Day-ahead,,EUR,hourly,89.88999939
2023-01-16,2023-01-16 15:00:00,2023-01-16,2023-01-16 17:00:00,Finland,FI,FI,Day-ahead,,EUR,hourly,89.45999908
2023-01-16,2023-01-16 16:00:00,2023-01-16,2023-01-16 18:00:00,Finland,FI,FI,Day-ahead,,EUR,hourly,88.38999939
2023-01-16,2023-01-16 17:00:00,2023-01-16,2023-01-16 19:00:00,Finland,FI,FI,Day-ahead,,EUR,hourly,87.37999725
2023-01-16,2023-01-16 18:00:00,2023-01-16,2023-01-16 20:00:00,Finland,FI,FI,Day-ahead,,EUR,hourly,80.04000092
2023-01-16,2023-01-16 19:00:00,2023-01-16,2023-01-16 21:00:00,Finland,FI,FI,Day-ahead,,EUR,hourly,65.91000366
2023-01-16,2023-01-16 20:00:00,2023-01-16,2023-01-16 22:00:00,Finland,FI,FI,Day-ahead,,EUR,hourly,59.68999863
2023-01-16,2023-01-16 21:00:00,2023-01-16,2023-01-16 23:00:00,Finland,FI,FI,Day-ahead,,EUR,hourly,51.24000168
2023-01-16,2023-01-16 22:00:00,2023-01-17,2023-01-17 00:00:00,Finland,FI,FI,Day-ahead,,EUR,hourly,46.52000046
2023-01-16,2023-01-16 23:00:00,2023-01-17,2023-01-17 01:00:00,Finland,FI,FI,Day-ahead,,EUR,hourly,47.13000107
2023-01-17,2023-01-17 00:00:00,2023-01-17,2023-01-17 02:00:00,Finland,FI,FI,Day-ahead,,EUR,hourly,42.93999863
2023-01-17,2023-01-17 01:00:00,2023-01-17,2023-01-17 03:00:00,Finland,FI,FI,Day-ahead,,EUR,hourly,42.15000153
2023-01-17,2023-01-17 02:00:00,2023-01-17,2023-01-17 04:00:00,Finland,FI,FI,Day-ahead,,EUR,hourly,40.79999924
2023-01-17,2023-01-17 03:00:00,2023-01-17,2023-01-17 05:00:00,Finland,FI,FI,Day-ahead,,EUR,hourly,41.61999893
2023-01-17,2023-01-17 04:00:00,2023-01-17,2023-01-17 06:00:00,Finland,FI,FI,Day-ahead,,EUR,hourly,45.75
2023-01-17,2023-01-17 05:00:00,2023-01-17,2023-01-17 07:00:00,Finland,FI,FI,Day-ahead,,EUR,hourly,60.16999817
2023-01-17,2023-01-17 06:00:00,2023-01-17,2023-01-17 08:00:00,Finland,FI,FI,Day-ahead,,EUR,hourly,70.87000275
2023-01-17,2023-01-17 07:00:00,2023-01-17,2023-01-17 09:00:00,Finland,FI,FI,Day-ahead,,EUR,hourly,73.37000275
2023-01-17,2023-01-17 08:00:00,2023-01-17,2023-01-17 10:00:00,Finland,FI,FI,Day-ahead,,EUR,hourly,72.62000275
2023-01-17,2023-01-17 09:00:00,2023-01-17,2023-01-17 11:00:00,Finland,FI,FI,Day-ahead,,EUR,hourly,73.94999695
2023-01-17,2023-01-17 10:00:00,2023-01-17,2023-01-17 12:00:00,Finland,FI,FI,Day-ahead,,EUR,hourly,76.15000153
2023-01-17,2023-01-17 11:00:00,2023-01-17,2023-01-17 13:00:00,Finland,FI,FI,Day-ahead,,EUR,hourly,79.95999908
2023-01-17,2023-01-17 12:00:00,2023-01-17,2023-01-17 14:00:00,Finland,FI,FI,Day-ahead,,EUR,hourly,75.11000061
2023-01-17,2023-01-17 13:00:00,2023-01-17,2023-01-17 15:00:00,Finland,FI,FI,Day-ahead,,EUR,hourly,72.20999908
2023-01-17,2023-01-17 14:00:00,2023-01-17,2023-01-17 16:00:00,Finland,FI,FI,Day-ahead,,EUR,hourly,75.56999969
2023-01-17,2023-01-17 15:00:00,2023-01-17,2023-01-17 17:00:00,Finland,FI,FI,Day-ahead,,EUR,hourly,76.02999878
2023-01-17,2023-01-17 16:00:00,2023-01-17,2023-01-17 18:00:00,Finland,FI,FI,Day-ahead,,EUR,hourly,76.55999756
2023-01-17,2023-01-17 17:00:00,2023-01-17,2023-01-17 19:00:00,Finland,FI,FI,Day-ahead,,EUR,hourly,73.45999908
2023-01-17,2023-01-17 18:00:00,2023-01-17,2023-01-17 20:00:00,Finland,FI,FI,Day-ahead,,EUR,hourly,67.19000244
2023-01-17,2023-01-17 19:00:00,2023-01-17,2023-01-17 21:00:00,Finland,FI,FI,Day-ahead,,EUR,hourly,60.13999939
2023-01-17,2023-01-17 20:00:00,2023-01-17,2023-01-17 22:00:00,Finland,FI,FI,Day-ahead,,EUR,hourly,53.72999954
2023-01-17,2023-01-17 21:00:00,2023-01-17,2023-01-17 23:00:00,Finland,FI,FI,Day-ahead,,EUR,hourly,47.41999817
2023-01-17,2023-01-17 22:00:00,2023-01-18,2023-01-18 00:00:00,Finland,FI,FI,Day-ahead,,EUR,hourly,43.34000015
2023-01-17,2023-01-17 23:00:00,2023-01-18,2023-01-18 01:00:00,Finland,FI,FI,Day-ahead,,EUR,hourly,39.84999847
2023-01-18,2023-01-18 00:00:00,2023-01-18,2023-01-18 02:00:00,Finland,FI,FI,Day-ahead,,EUR,hourly,38.74000168
2023-01-18,2023-01-18 01:00:00,2023-01-18,2023-01-18 03:00:00,Finland,FI,FI,Day-ahead,,EUR,hourly,38.68999863
2023-01-18,2023-01-18 02:00:00,2023-01-18,2023-01-18 04:00:00,Finland,FI,FI,Day-ahead,,EUR,hourly,38.31999969
2023-01-18,2023-01-18 03:00:00,2023-01-18,2023-01-18 05:00:00,Finland,FI,FI,Day-ahead,,EUR,hourly,42.70000076
2023-01-18,2023-01-18 04:00:00,2023-01-18,2023-01-18 06:00:00,Finland,FI,FI,Day-ahead,,EUR,hourly,52.06999969
2023-01-18,2023-01-18 05:00:00,2023-01-18,2023-01-18 07:00:00,Finland,FI,FI,Day-ahead,,EUR,hourly,66.80000305
2023-01-18,2023-01-18 06:00:00,2023-01-18,2023-01-18 08:00:00,Finland,FI,FI,Day-ahead,,EUR,hourly,79.19999695
2023-01-18,2023-01-18 07:00:00,2023-01-18,2023-01-18 09:00:00,Finland,FI,FI,Day-ahead,,EUR,hourly,82.55999756
2023-01-18,2023-01-18 08:00:00,2023-01-18,2023-01-18 10:00:00,Finland,FI,FI,Day-ahead,,EUR,hourly,82.51000214
2023-01-18,2023-01-18 09:00:00,2023-01-18,2023-01-18 11:00:00,Finland,FI,FI,Day-ahead,,EUR,hourly,88.80999756
2023-01-18,2023-01-18 10:00:00,2023-01-18,2023-01-18 12:00:00,Finland,FI,FI,Day-ahead,,EUR,hourly,86.61000061
2023-01-18,2023-01-18 11:00:00,2023-01-18,2023-01-18 13:00:00,Finland,FI,FI,Day-ahead,,EUR,hourly,84.41000366
2023-01-18,2023-01-18 12:00:00,2023-01-18,2023-01-18 14:00:00,Finland,FI,FI,Day-ahead,,EUR,hourly,86.40000153
2023-01-18,2023-01-18 13:00:00,2023-01-18,2023-01-18 15:00:00,Finland,FI,FI,Day-ahead,,EUR,hourly,88.83999634
2023-01-18,2023-01-18 14:00:00,2023-01-18,2023-01-18 16:00:00,Finland,FI,FI,Day-ahead,,EUR,hourly,89.19999695
2023-01-18,2023-01-18 15:00:00,2023-01-18,2023-01-18 17:00:00,Finland,FI,FI,Day-ahead,,EUR,hourly,116.0699997
2023-01-18,2023-01-18 16:00:00,2023-01-18,2023-01-18 18:00:00,Finland,FI,FI,Day-ahead,,EUR,hourly,105.9899979
2023-01-18,2023-01-18 17:00:00,2023-01-18,2023-01-18 19:00:00,Finland,FI,FI,Day-ahead,,EUR,hourly,116.3799973
2023-01-18,2023-01-18 18:00:00,2023-01-18,2023-01-18 20:00:00,Finland,FI,FI,Day-ahead,,EUR,hourly,123.5100021
2023-01-18,2023-01-18 19:00:00,2023-01-18,2023-01-18 21:00:00,Finland,FI,FI,Day-ahead,,EUR,hourly,109.4199982
2023-01-18,2023-01-18 20:00:00,2023-01-18,2023-01-18 22:00:00,Finland,FI,FI,Day-ahead,,EUR,hourly,119.9000015
2023-01-18,2023-01-18 21:00:00,2023-01-18,2023-01-18 23:00:00,Finland,FI,FI,Day-ahead,,EUR,hourly,82.29000092
2023-01-18,2023-01-18 22:00:00,2023-01-19,2023-01-19 00:00:00,Finland,FI,FI,Day-ahead,,EUR,hourly,75.76999664
2023-01-18,2023-01-18 23:00:00,2023-01-19,2023-01-19 01:00:00,Finland,FI,FI,Day-ahead,,EUR,hourly,83.55999756
2023-01-19,2023-01-19 00:00:00,2023-01-19,2023-01-19 02:00:00,Finland,FI,FI,Day-ahead,,EUR,hourly,83.08000183
2023-01-19,2023-01-19 01:00:00,2023-01-19,2023-01-19 03:00:00,Finland,FI,FI,Day-ahead,,EUR,hourly,82.69999695
2023-01-19,2023-01-19 02:00:00,2023-01-19,2023-01-19 04:00:00,Finland,FI,FI,Day-ahead,,EUR,hourly,84.91999817
2023-01-19,2023-01-19 03:00:00,2023-01-19,2023-01-19 05:00:00,Finland,FI,FI,Day-ahead,,EUR,hourly,92.83999634
2023-01-19,2023-01-19 04:00:00,2023-01-19,2023-01-19 06:00:00,Finland,FI,FI,Day-ahead,,EUR,hourly,107.9499969
2023-01-19,2023-01-19 05:00:00,2023-01-19,2023-01-19 07:00:00,Finland,FI,FI,Day-ahead,,EUR,hourly,152.75
2023-01-19,2023-01-19 06:00:00,2023-01-19,2023-01-19 08:00:00,Finland,FI,FI,Day-ahead,,EUR,hourly,181.3600006
2023-01-19,2023-01-19 07:00:00,2023-01-19,2023-01-19 09:00:00,Finland,FI,FI,Day-ahead,,EUR,hourly,164.8300018
2023-01-19,2023-01-19 08:00:00,2023-01-19,2023-01-19 10:00:00,Finland,FI,FI,Day-ahead,,EUR,hourly,155.8800049
2023-01-19,2023-01-19 09:00:00,2023-01-19,2023-01-19 11:00:00,Finland,FI,FI,Day-ahead,,EUR,hourly,154.8099976
2023-01-19,2023-01-19 10:00:00,2023-01-19,2023-01-19 12:00:00,Finland,FI,FI,Day-ahead,,EUR,hourly,138.6300049
2023-01-19,2023-01-19 11:00:00,2023-01-19,2023-01-19 13:00:00,Finland,FI,FI,Day-ahead,,EUR,hourly,146.4700012
2023-01-19,2023-01-19 12:00:00,2023-01-19,2023-01-19 14:00:00,Finland,FI,FI,Day-ahead,,EUR,hourly,151.1600037
2023-01-19,2023-01-19 13:00:00,2023-01-19,2023-01-19 15:00:00,Finland,FI,FI,Day-ahead,,EUR,hourly,155.3500061
2023-01-19,2023-01-19 14:00:00,2023-01-19,2023-01-19 16:00:00,Finland,FI,FI,Day-ahead,,EUR,hourly,170.3300018
2023-01-19,2023-01-19 15:00:00,2023-01-19,2023-01-19 17:00:00,Finland,FI,FI,Day-ahead,,EUR,hourly,180.3300018
2023-01-19,2023-01-19 16:00:00,2023-01-19,2023-01-19 18:00:00,Finland,FI,FI,Day-ahead,,EUR,hourly,173.75
2023-01-19,2023-01-19 17:00:00,2023-01-19,2023-01-19 19:00:00,Finland,FI,FI,Day-ahead,,EUR,hourly,156.6100006
2023-01-19,2023-01-19 18:00:00,2023-01-19,2023-01-19 20:00:00,Finland,FI,FI,Day-ahead,,EUR,hourly,151.5500031
2023-01-19,2023-01-19 19:00:00,2023-01-19,2023-01-19 21:00:00,Finland,FI,FI,Day-ahead,,EUR,hourly,145.6499939
2023-01-19,2023-01-19 20:00:00,2023-01-19,2023-01-19 22:00:00,Finland,FI,FI,Day-ahead,,EUR,hourly,143.6600037
2023-01-19,2023-01-19 21:00:00,2023-01-19,2023-01-19 23:00:00,Finland,FI,FI,Day-ahead,,EUR,hourly,119
2023-01-19,2023-01-19 22:00:00,2023-01-20,2023-01-20 00:00:00,Finland,FI,FI,Day-ahead,,EUR,hourly,106.2099991
2023-01-19,2023-01-19 23:00:00,2023-01-20,2023-01-20 01:00:00,Finland,FI,FI,Day-ahead,,EUR,hourly,97.88999939
2023-01-20,2023-01-20 00:00:00,2023-01-20,2023-01-20 02:00:00,Finland,FI,FI,Day-ahead,,EUR,hourly,89.93000031
2023-01-20,2023-01-20 01:00:00,2023-01-20,2023-01-20 03:00:00,Finland,FI,FI,Day-ahead,,EUR,hourly,84.48999786
2023-01-20,2023-01-20 02:00:00,2023-01-20,2023-01-20 04:00:00,Finland,FI,FI,Day-ahead,,EUR,hourly,82.69000244
2023-01-20,2023-01-20 03:00:00,2023-01-20,2023-01-20 05:00:00,Finland,FI,FI,Day-ahead,,EUR,hourly,84.12999725
2023-01-20,2023-01-20 04:00:00,2023-01-20,2023-01-20 06:00:00,Finland,FI,FI,Day-ahead,,EUR,hourly,89.94999695
2023-01-20,2023-01-20 05:00:00,2023-01-20,2023-01-20 07:00:00,Finland,FI,FI,Day-ahead,,EUR,hourly,149.3800049
2023-01-20,2023-01-20 06:00:00,2023-01-20,2023-01-20 08:00:00,Finland,FI,FI,Day-ahead,,EUR,hourly,149.9400024
2023-01-20,2023-01-20 07:00:00,2023-01-20,2023-01-20 09:00:00,Finland,FI,FI,Day-ahead,,EUR,hourly,151.8999939
2023-01-20,2023-01-20 08:00:00,2023-01-20,2023-01-20 10:00:00,Finland,FI,FI,Day-ahead,,EUR,hourly,159.9900055
2023-01-20,2023-01-20 09:00:00,2023-01-20,2023-01-20 11:00:00,Finland,FI,FI,Day-ahead,,EUR,hourly,159.9900055
2023-01-20,2023-01-20 10:00:00,2023-01-20,2023-01-20 12:00:00,Finland,FI,FI,Day-ahead,,EUR,hourly,159.9900055
2023-01-20,2023-01-20 11:00:00,2023-01-20,2023-01-20 13:00:00,Finland,FI,FI,Day-ahead,,EUR,hourly,138.9799957
2023-01-20,2023-01-20 12:00:00,2023-01-20,2023-01-20 14:00:00,Finland,FI,FI,Day-ahead,,EUR,hourly,107.5199966
2023-01-20,2023-01-20 13:00:00,2023-01-20,2023-01-20 15:00:00,Finland,FI,FI,Day-ahead,,EUR,hourly,115.5
2023-01-20,2023-01-20 14:00:00,2023-01-20,2023-01-20 16:00:00,Finland,FI,FI,Day-ahead,,EUR,hourly,149.6600037
2023-01-20,2023-01-20 15:00:00,2023-01-20,2023-01-20 17:00:00,Finland,FI,FI,Day-ahead,,EUR,hourly,149.6900024
2023-01-20,2023-01-20 16:00:00,2023-01-20,2023-01-20 18:00:00,Finland,FI,FI,Day-ahead,,EUR,hourly,142.6100006
2023-01-20,2023-01-20 17:00:00,2023-01-20,2023-01-20 19:00:00,Finland,FI,FI,Day-ahead,,EUR,hourly,132.9400024
2023-01-20,2023-01-20 18:00:00,2023-01-20,2023-01-20 20:00:00,Finland,FI,FI,Day-ahead,,EUR,hourly,107.7600021
2023-01-20,2023-01-20 19:00:00,2023-01-20,2023-01-20 21:00:00,Finland,FI,FI,Day-ahead,,EUR,hourly,97.22000122
2023-01-20,2023-01-20 20:00:00,2023-01-20,2023-01-20 22:00:00,Finland,FI,FI,Day-ahead,,EUR,hourly,89.55000305
2023-01-20,2023-01-20 21:00:00,2023-01-20,2023-01-20 23:00:00,Finland,FI,FI,Day-ahead,,EUR,hourly,81.26999664
2023-01-20,2023-01-20 22:00:00,2023-01-21,2023-01-21 00:00:00,Finland,FI,FI,Day-ahead,,EUR,hourly,74.95999908
2023-01-20,2023-01-20 23:00:00,2023-01-21,2023-01-21 01:00:00,Finland,FI,FI,Day-ahead,,EUR,hourly,68.76000214
2023-01-21,2023-01-21 00:00:00,2023-01-21,2023-01-21 02:00:00,Finland,FI,FI,Day-ahead,,EUR,hourly,66.98000336
2023-01-21,2023-01-21 01:00:00,2023-01-21,2023-01-21 03:00:00,Finland,FI,FI,Day-ahead,,EUR,hourly,67.40000153
2023-01-21,2023-01-21 02:00:00,2023-01-21,2023-01-21 04:00:00,Finland,FI,FI,Day-ahead,,EUR,hourly,68.51999664
2023-01-21,2023-01-21 03:00:00,2023-01-21,2023-01-21 05:00:00,Finland,FI,FI,Day-ahead,,EUR,hourly,69.22000122
2023-01-21,2023-01-21 04:00:00,2023-01-21,2023-01-21 06:00:00,Finland,FI,FI,Day-ahead,,EUR,hourly,69.73000336
2023-01-21,2023-01-21 05:00:00,2023-01-21,2023-01-21 07:00:00,Finland,FI,FI,Day-ahead,,EUR,hourly,69.91000366
2023-01-21,2023-01-21 06:00:00,2023-01-21,2023-01-21 08:00:00,Finland,FI,FI,Day-ahead,,EUR,hourly,96.37999725
2023-01-21,2023-01-21 07:00:00,2023-01-21,2023-01-21 09:00:00,Finland,FI,FI,Day-ahead,,EUR,hourly,142.8399963
2023-01-21,2023-01-21 08:00:00,2023-01-21,2023-01-21 10:00:00,Finland,FI,FI,Day-ahead,,EUR,hourly,166.3399963
2023-01-21,2023-01-21 09:00:00,2023-01-21,2023-01-21 11:00:00,Finland,FI,FI,Day-ahead,,EUR,hourly,161.2899933
2023-01-21,2023-01-21 10:00:00,2023-01-21,2023-01-21 12:00:00,Finland,FI,FI,Day-ahead,,EUR,hourly,151.9199982
2023-01-21,2023-01-21 11:00:00,2023-01-21,2023-01-21 13:00:00,Finland,FI,FI,Day-ahead,,EUR,hourly,142.8899994
2023-01-21,2023-01-21 12:00:00,2023-01-21,2023-01-21 14:00:00,Finland,FI,FI,Day-ahead,,EUR,hourly,131.0599976
2023-01-21,2023-01-21 13:00:00,2023-01-21,2023-01-21 15:00:00,Finland,FI,FI,Day-ahead,,EUR,hourly,131.2200012
2023-01-21,2023-01-21 14:00:00,2023-01-21,2023-01-21 16:00:00,Finland,FI,FI,Day-ahead,,EUR,hourly,132.6399994
2023-01-21,2023-01-21 15:00:00,2023-01-21,2023-01-21 17:00:00,Finland,FI,FI,Day-ahead,,EUR,hourly,140.7599945
2023-01-21,2023-01-21 16:00:00,2023-01-21,2023-01-21 18:00:00,Finland,FI,FI,Day-ahead,,EUR,hourly,173.9199982
2023-01-21,2023-01-21 17:00:00,2023-01-21,2023-01-21 19:00:00,Finland,FI,FI,Day-ahead,,EUR,hourly,174.6000061
2023-01-21,2023-01-21 18:00:00,2023-01-21,2023-01-21 20:00:00,Finland,FI,FI,Day-ahead,,EUR,hourly,140.0800018
2023-01-21,2023-01-21 19:00:00,2023-01-21,2023-01-21 21:00:00,Finland,FI,FI,Day-ahead,,EUR,hourly,134.5099945
2023-01-21,2023-01-21 20:00:00,2023-01-21,2023-01-21 22:00:00,Finland,FI,FI,Day-ahead,,EUR,hourly,129.3399963
2023-01-21,2023-01-21 21:00:00,2023-01-21,2023-01-21 23:00:00,Finland,FI,FI,Day-ahead,,EUR,hourly,107.8700027
2023-01-21,2023-01-21 22:00:00,2023-01-22,2023-01-22 00:00:00,Finland,FI,FI,Day-ahead,,EUR,hourly,89.91999817
2023-01-21,2023-01-21 23:00:00,2023-01-22,2023-01-22 01:00:00,Finland,FI,FI,Day-ahead,,EUR,hourly,79.40000153
2023-01-22,2023-01-22 00:00:00,2023-01-22,2023-01-22 02:00:00,Finland,FI,FI,Day-ahead,,EUR,hourly,79.16999817
2023-01-22,2023-01-22 01:00:00,2023-01-22,2023-01-22 03:00:00,Finland,FI,FI,Day-ahead,,EUR,hourly,73.05999756
2023-01-22,2023-01-22 02:00:00,2023-01-22,2023-01-22 04:00:00,Finland,FI,FI,Day-ahead,,EUR,hourly,71.44999695
2023-01-22,2023-01-22 03:00:00,2023-01-22,2023-01-22 05:00:00,Finland,FI,FI,Day-ahead,,EUR,hourly,70.01000214
2023-01-22,2023-01-22 04:00:00,2023-01-22,2023-01-22 06:00:00,Finland,FI,FI,Day-ahead,,EUR,hourly,62.59000015
2023-01-22,2023-01-22 05:00:00,2023-01-22,2023-01-22 07:00:00,Finland,FI,FI,Day-ahead,,EUR,hourly,61.41999817
2023-01-22,2023-01-22 06:00:00,2023-01-22,2023-01-22 08:00:00,Finland,FI,FI,Day-ahead,,EUR,hourly,64.91999817
2023-01-22,2023-01-22 07:00:00,2023-01-22,2023-01-22 09:00:00,Finland,FI,FI,Day-ahead,,EUR,hourly,64.37000275
2023-01-22,2023-01-22 08:00:00,2023-01-22,2023-01-22 10:00:00,Finland,FI,FI,Day-ahead,,EUR,hourly,64.41000366
2023-01-22,2023-01-22 09:00:00,2023-01-22,2023-01-22 11:00:00,Finland,FI,FI,Day-ahead,,EUR,hourly,67.55000305
2023-01-22,2023-01-22 10:00:00,2023-01-22,2023-01-22 12:00:00,Finland,FI,FI,Day-ahead,,EUR,hourly,74.01999664
2023-01-22,2023-01-22 11:00:00,2023-01-22,2023-01-22 13:00:00,Finland,FI,FI,Day-ahead,,EUR,hourly,71.59999847
2023-01-22,2023-01-22 12:00:00,2023-01-22,2023-01-22 14:00:00,Finland,FI,FI,Day-ahead,,EUR,hourly,64.98000336
2023-01-22,2023-01-22 13:00:00,2023-01-22,2023-01-22 15:00:00,Finland,FI,FI,Day-ahead,,EUR,hourly,75.08999634
2023-01-22,2023-01-22 14:00:00,2023-01-22,2023-01-22 16:00:00,Finland,FI,FI,Day-ahead,,EUR,hourly,79.97000122
2023-01-22,2023-01-22 15:00:00,2023-01-22,2023-01-22 17:00:00,Finland,FI,FI,Day-ahead,,EUR,hourly,58.79000092
2023-01-22,2023-01-22 16:00:00,2023-01-22,2023-01-22 18:00:00,Finland,FI,FI,Day-ahead,,EUR,hourly,63.22999954
2023-01-22,2023-01-22 17:00:00,2023-01-22,2023-01-22 19:00:00,Finland,FI,FI,Day-ahead,,EUR,hourly,78.93000031
2023-01-22,2023-01-22 18:00:00,2023-01-22,2023-01-22 20:00:00,Finland,FI,FI,Day-ahead,,EUR,hourly,64.94999695
2023-01-22,2023-01-22 19:00:00,2023-01-22,2023-01-22 21:00:00,Finland,FI,FI,Day-ahead,,EUR,hourly,53.88999939
2023-01-22,2023-01-22 20:00:00,2023-01-22,2023-01-22 22:00:00,Finland,FI,FI,Day-ahead,,EUR,hourly,55.47999954
2023-01-22,2023-01-22 21:00:00,2023-01-22,2023-01-22 23:00:00,Finland,FI,FI,Day-ahead,,EUR,hourly,53.41999817
2023-01-22,2023-01-22 22:00:00,2023-01-23,2023-01-23 00:00:00,Finland,FI,FI,Day-ahead,,EUR,hourly,50.79000092
2023-01-22,2023-01-22 23:00:00,2023-01-23,2023-01-23 01:00:00,Finland,FI,FI,Day-ahead,,EUR,hourly,47.63000107
2023-01-23,2023-01-23 00:00:00,2023-01-23,2023-01-23 02:00:00,Finland,FI,FI,Day-ahead,,EUR,hourly,46.84999847
2023-01-23,2023-01-23 01:00:00,2023-01-23,2023-01-23 03:00:00,Finland,FI,FI,Day-ahead,,EUR,hourly,47.40000153
2023-01-23,2023-01-23 02:00:00,2023-01-23,2023-01-23 04:00:00,Finland,FI,FI,Day-ahead,,EUR,hourly,48.02999878
2023-01-23,2023-01-23 03:00:00,2023-01-23,2023-01-23 05:00:00,Finland,FI,FI,Day-ahead,,EUR,hourly,48.95000076
2023-01-23,2023-01-23 04:00:00,2023-01-23,2023-01-23 06:00:00,Finland,FI,FI,Day-ahead,,EUR,hourly,58.63000107
2023-01-23,2023-01-23 05:00:00,2023-01-23,2023-01-23 07:00:00,Finland,FI,FI,Day-ahead,,EUR,hourly,71.94000244
2023-01-23,2023-01-23 06:00:00,2023-01-23,2023-01-23 08:00:00,Finland,FI,FI,Day-ahead,,EUR,hourly,108.3300018
2023-01-23,2023-01-23 07:00:00,2023-01-23,2023-01-23 09:00:00,Finland,FI,FI,Day-ahead,,EUR,hourly,99.61000061
2023-01-23,2023-01-23 08:00:00,2023-01-23,2023-01-23 10:00:00,Finland,FI,FI,Day-ahead,,EUR,hourly,88.20999908
2023-01-23,2023-01-23 09:00:00,2023-01-23,2023-01-23 11:00:00,Finland,FI,FI,Day-ahead,,EUR,hourly,95.08000183
2023-01-23,2023-01-23 10:00:00,2023-01-23,2023-01-23 12:00:00,Finland,FI,FI,Day-ahead,,EUR,hourly,105.0100021
2023-01-23,2023-01-23 11:00:00,2023-01-23,2023-01-23 13:00:00,Finland,FI,FI,Day-ahead,,EUR,hourly,105.0100021
2023-01-23,2023-01-23 12:00:00,2023-01-23,2023-01-23 14:00:00,Finland,FI,FI,Day-ahead,,EUR,hourly,88.26000214
2023-01-23,2023-01-23 13:00:00,2023-01-23,2023-01-23 15:00:00,Finland,FI,FI,Day-ahead,,EUR,hourly,86.41000366
2023-01-23,2023-01-23 14:00:00,2023-01-23,2023-01-23 16:00:00,Finland,FI,FI,Day-ahead,,EUR,hourly,115.1999969
2023-01-23,2023-01-23 15:00:00,2023-01-23,2023-01-23 17:00:00,Finland,FI,FI,Day-ahead,,EUR,hourly,123.2900009
2023-01-23,2023-01-23 16:00:00,2023-01-23,2023-01-23 18:00:00,Finland,FI,FI,Day-ahead,,EUR,hourly,122.6399994
2023-01-23,2023-01-23 17:00:00,2023-01-23,2023-01-23 19:00:00,Finland,FI,FI,Day-ahead,,EUR,hourly,123.2900009
2023-01-23,2023-01-23 18:00:00,2023-01-23,2023-01-23 20:00:00,Finland,FI,FI,Day-ahead,,EUR,hourly,114.4000015
2023-01-23,2023-01-23 19:00:00,2023-01-23,2023-01-23 21:00:00,Finland,FI,FI,Day-ahead,,EUR,hourly,70.73000336
2023-01-23,2023-01-23 20:00:00,2023-01-23,2023-01-23 22:00:00,Finland,FI,FI,Day-ahead,,EUR,hourly,50.93000031
2023-01-23,2023-01-23 21:00:00,2023-01-23,2023-01-23 23:00:00,Finland,FI,FI,Day-ahead,,EUR,hourly,46.29000092
2023-01-23,2023-01-23 22:00:00,2023-01-24,2023-01-24 00:00:00,Finland,FI,FI,Day-ahead,,EUR,hourly,41.77000046
2023-01-23,2023-01-23 23:00:00,2023-01-24,2023-01-24 01:00:00,Finland,FI,FI,Day-ahead,,EUR,hourly,27.54000092
2023-01-24,2023-01-24 00:00:00,2023-01-24,2023-01-24 02:00:00,Finland,FI,FI,Day-ahead,,EUR,hourly,27.35000038
2023-01-24,2023-01-24 01:00:00,2023-01-24,2023-01-24 03:00:00,Finland,FI,FI,Day-ahead,,EUR,hourly,27.36000061
2023-01-24,2023-01-24 02:00:00,2023-01-24,2023-01-24 04:00:00,Finland,FI,FI,Day-ahead,,EUR,hourly,27.59000015
2023-01-24,2023-01-24 03:00:00,2023-01-24,2023-01-24 05:00:00,Finland,FI,FI,Day-ahead,,EUR,hourly,28.20999908
2023-01-24,2023-01-24 04:00:00,2023-01-24,2023-01-24 06:00:00,Finland,FI,FI,Day-ahead,,EUR,hourly,30.51000023
2023-01-24,2023-01-24 05:00:00,2023-01-24,2023-01-24 07:00:00,Finland,FI,FI,Day-ahead,,EUR,hourly,52.06000137
2023-01-24,2023-01-24 06:00:00,2023-01-24,2023-01-24 08:00:00,Finland,FI,FI,Day-ahead,,EUR,hourly,134.5899963
2023-01-24,2023-01-24 07:00:00,2023-01-24,2023-01-24 09:00:00,Finland,FI,FI,Day-ahead,,EUR,hourly,123.2900009
2023-01-24,2023-01-24 08:00:00,2023-01-24,2023-01-24 10:00:00,Finland,FI,FI,Day-ahead,,EUR,hourly,195.0599976
2023-01-24,2023-01-24 09:00:00,2023-01-24,2023-01-24 11:00:00,Finland,FI,FI,Day-ahead,,EUR,hourly,231.0200043
2023-01-24,2023-01-24 10:00:00,2023-01-24,2023-01-24 12:00:00,Finland,FI,FI,Day-ahead,,EUR,hourly,222.8500061
2023-01-24,2023-01-24 11:00:00,2023-01-24,2023-01-24 13:00:00,Finland,FI,FI,Day-ahead,,EUR,hourly,219.1100006
2023-01-24,2023-01-24 12:00:00,2023-01-24,2023-01-24 14:00:00,Finland,FI,FI,Day-ahead,,EUR,hourly,207.1600037
2023-01-24,2023-01-24 13:00:00,2023-01-24,2023-01-24 15:00:00,Finland,FI,FI,Day-ahead,,EUR,hourly,208.6100006
2023-01-24,2023-01-24 14:00:00,2023-01-24,2023-01-24 16:00:00,Finland,FI,FI,Day-ahead,,EUR,hourly,210.7899933
2023-01-24,2023-01-24 15:00:00,2023-01-24,2023-01-24 17:00:00,Finland,FI,FI,Day-ahead,,EUR,hourly,217.3899994
2023-01-24,2023-01-24 16:00:00,2023-01-24,2023-01-24 18:00:00,Finland,FI,FI,Day-ahead,,EUR,hourly,242
2023-01-24,2023-01-24 17:00:00,2023-01-24,2023-01-24 19:00:00,Finland,FI,FI,Day-ahead,,EUR,hourly,141.0200043
2023-01-24,2023-01-24 18:00:00,2023-01-24,2023-01-24 20:00:00,Finland,FI,FI,Day-ahead,,EUR,hourly,82.59999847
2023-01-24,2023-01-24 19:00:00,2023-01-24,2023-01-24 21:00:00,Finland,FI,FI,Day-ahead,,EUR,hourly,28.62000084
2023-01-24,2023-01-24 20:00:00,2023-01-24,2023-01-24 22:00:00,Finland,FI,FI,Day-ahead,,EUR,hourly,27.23999977
2023-01-24,2023-01-24 21:00:00,2023-01-24,2023-01-24 23:00:00,Finland,FI,FI,Day-ahead,,EUR,hourly,25.04999924
2023-01-24,2023-01-24 22:00:00,2023-01-25,2023-01-25 00:00:00,Finland,FI,FI,Day-ahead,,EUR,hourly,20.70000076
2023-01-24,2023-01-24 23:00:00,2023-01-25,2023-01-25 01:00:00,Finland,FI,FI,Day-ahead,,EUR,hourly,13.55000019
2023-01-25,2023-01-25 00:00:00,2023-01-25,2023-01-25 02:00:00,Finland,FI,FI,Day-ahead,,EUR,hourly,9
2023-01-25,2023-01-25 01:00:00,2023-01-25,2023-01-25 03:00:00,Finland,FI,FI,Day-ahead,,EUR,hourly,4.579999924
2023-01-25,2023-01-25 02:00:00,2023-01-25,2023-01-25 04:00:00,Finland,FI,FI,Day-ahead,,EUR,hourly,4.099999905
2023-01-25,2023-01-25 03:00:00,2023-01-25,2023-01-25 05:00:00,Finland,FI,FI,Day-ahead,,EUR,hourly,6.079999924
2023-01-25,2023-01-25 04:00:00,2023-01-25,2023-01-25 06:00:00,Finland,FI,FI,Day-ahead,,EUR,hourly,11.18000031
2023-01-25,2023-01-25 05:00:00,2023-01-25,2023-01-25 07:00:00,Finland,FI,FI,Day-ahead,,EUR,hourly,25.98999977
2023-01-25,2023-01-25 06:00:00,2023-01-25,2023-01-25 08:00:00,Finland,FI,FI,Day-ahead,,EUR,hourly,27.92000008
2023-01-25,2023-01-25 07:00:00,2023-01-25,2023-01-25 09:00:00,Finland,FI,FI,Day-ahead,,EUR,hourly,29.17000008
2023-01-25,2023-01-25 08:00:00,2023-01-25,2023-01-25 10:00:00,Finland,FI,FI,Day-ahead,,EUR,hourly,29.38999939
2023-01-25,2023-01-25 09:00:00,2023-01-25,2023-01-25 11:00:00,Finland,FI,FI,Day-ahead,,EUR,hourly,29.12000084
2023-01-25,2023-01-25 10:00:00,2023-01-25,2023-01-25 12:00:00,Finland,FI,FI,Day-ahead,,EUR,hourly,29.06999969
2023-01-25,2023-01-25 11:00:00,2023-01-25,2023-01-25 13:00:00,Finland,FI,FI,Day-ahead,,EUR,hourly,28.48999977
2023-01-25,2023-01-25 12:00:00,2023-01-25,2023-01-25 14:00:00,Finland,FI,FI,Day-ahead,,EUR,hourly,28.14999962
2023-01-25,2023-01-25 13:00:00,2023-01-25,2023-01-25 15:00:00,Finland,FI,FI,Day-ahead,,EUR,hourly,28.62000084
2023-01-25,2023-01-25 14:00:00,2023-01-25,2023-01-25 16:00:00,Finland,FI,FI,Day-ahead,,EUR,hourly,29.06999969
2023-01-25,2023-01-25 15:00:00,2023-01-25,2023-01-25 17:00:00,Finland,FI,FI,Day-ahead,,EUR,hourly,29.97999954
2023-01-25,2023-01-25 16:00:00,2023-01-25,2023-01-25 18:00:00,Finland,FI,FI,Day-ahead,,EUR,hourly,30.77000046
2023-01-25,2023-01-25 17:00:00,2023-01-25,2023-01-25 19:00:00,Finland,FI,FI,Day-ahead,,EUR,hourly,32.02000046
2023-01-25,2023-01-25 18:00:00,2023-01-25,2023-01-25 20:00:00,Finland,FI,FI,Day-ahead,,EUR,hourly,31.86000061
2023-01-25,2023-01-25 19:00:00,2023-01-25,2023-01-25 21:00:00,Finland,FI,FI,Day-ahead,,EUR,hourly,31.53000069
2023-01-25,2023-01-25 20:00:00,2023-01-25,2023-01-25 22:00:00,Finland,FI,FI,Day-ahead,,EUR,hourly,33.04999924
2023-01-25,2023-01-25 21:00:00,2023-01-25,2023-01-25 23:00:00,Finland,FI,FI,Day-ahead,,EUR,hourly,31.20999908
2023-01-25,2023-01-25 22:00:00,2023-01-26,2023-01-26 00:00:00,Finland,FI,FI,Day-ahead,,EUR,hourly,30.01000023
2023-01-25,2023-01-25 23:00:00,2023-01-26,2023-01-26 01:00:00,Finland,FI,FI,Day-ahead,,EUR,hourly,38.81999969
2023-01-26,2023-01-26 00:00:00,2023-01-26,2023-01-26 02:00:00,Finland,FI,FI,Day-ahead,,EUR,hourly,39.95999908
2023-01-26,2023-01-26 01:00:00,2023-01-26,2023-01-26 03:00:00,Finland,FI,FI,Day-ahead,,EUR,hourly,39.99000168
2023-01-26,2023-01-26 02:00:00,2023-01-26,2023-01-26 04:00:00,Finland,FI,FI,Day-ahead,,EUR,hourly,39.72999954
2023-01-26,2023-01-26 03:00:00,2023-01-26,2023-01-26 05:00:00,Finland,FI,FI,Day-ahead,,EUR,hourly,40
2023-01-26,2023-01-26 04:00:00,2023-01-26,2023-01-26 06:00:00,Finland,FI,FI,Day-ahead,,EUR,hourly,45.04000092
2023-01-26,2023-01-26 05:00:00,2023-01-26,2023-01-26 07:00:00,Finland,FI,FI,Day-ahead,,EUR,hourly,94.91000366
2023-01-26,2023-01-26 06:00:00,2023-01-26,2023-01-26 08:00:00,Finland,FI,FI,Day-ahead,,EUR,hourly,126.9400024
2023-01-26,2023-01-26 07:00:00,2023-01-26,2023-01-26 09:00:00,Finland,FI,FI,Day-ahead,,EUR,hourly,130.2100067
2023-01-26,2023-01-26 08:00:00,2023-01-26,2023-01-26 10:00:00,Finland,FI,FI,Day-ahead,,EUR,hourly,129.6100006
2023-01-26,2023-01-26 09:00:00,2023-01-26,2023-01-26 11:00:00,Finland,FI,FI,Day-ahead,,EUR,hourly,131.2200012
2023-01-26,2023-01-26 10:00:00,2023-01-26,2023-01-26 12:00:00,Finland,FI,FI,Day-ahead,,EUR,hourly,131.2100067
2023-01-26,2023-01-26 11:00:00,2023-01-26,2023-01-26 13:00:00,Finland,FI,FI,Day-ahead,,EUR,hourly,131.6799927
2023-01-26,2023-01-26 12:00:00,2023-01-26,2023-01-26 14:00:00,Finland,FI,FI,Day-ahead,,EUR,hourly,126.2300034
2023-01-26,2023-01-26 13:00:00,2023-01-26,2023-01-26 15:00:00,Finland,FI,FI,Day-ahead,,EUR,hourly,124.25
2023-01-26,2023-01-26 14:00:00,2023-01-26,2023-01-26 16:00:00,Finland,FI,FI,Day-ahead,,EUR,hourly,130.7599945
2023-01-26,2023-01-26 15:00:00,2023-01-26,2023-01-26 17:00:00,Finland,FI,FI,Day-ahead,,EUR,hourly,133.0099945
2023-01-26,2023-01-26 16:00:00,2023-01-26,2023-01-26 18:00:00,Finland,FI,FI,Day-ahead,,EUR,hourly,134.3399963
2023-01-26,2023-01-26 17:00:00,2023-01-26,2023-01-26 19:00:00,Finland,FI,FI,Day-ahead,,EUR,hourly,134.7899933
2023-01-26,2023-01-26 18:00:00,2023-01-26,2023-01-26 20:00:00,Finland,FI,FI,Day-ahead,,EUR,hourly,130.0299988
2023-01-26,2023-01-26 19:00:00,2023-01-26,2023-01-26 21:00:00,Finland,FI,FI,Day-ahead,,EUR,hourly,110.2799988
2023-01-26,2023-01-26 20:00:00,2023-01-26,2023-01-26 22:00:00,Finland,FI,FI,Day-ahead,,EUR,hourly,106.5299988
2023-01-26,2023-01-26 21:00:00,2023-01-26,2023-01-26 23:00:00,Finland,FI,FI,Day-ahead,,EUR,hourly,69.01000214
2023-01-26,2023-01-26 22:00:00,2023-01-27,2023-01-27 00:00:00,Finland,FI,FI,Day-ahead,,EUR,hourly,61.08000183
2023-01-26,2023-01-26 23:00:00,2023-01-27,2023-01-27 01:00:00,Finland,FI,FI,Day-ahead,,EUR,hourly,78.55999756
2023-01-27,2023-01-27 00:00:00,2023-01-27,2023-01-27 02:00:00,Finland,FI,FI,Day-ahead,,EUR,hourly,81.91000366
2023-01-27,2023-01-27 01:00:00,2023-01-27,2023-01-27 03:00:00,Finland,FI,FI,Day-ahead,,EUR,hourly,91.55999756
2023-01-27,2023-01-27 02:00:00,2023-01-27,2023-01-27 04:00:00,Finland,FI,FI,Day-ahead,,EUR,hourly,94.95999908
2023-01-27,2023-01-27 03:00:00,2023-01-27,2023-01-27 05:00:00,Finland,FI,FI,Day-ahead,,EUR,hourly,109.4199982
2023-01-27,2023-01-27 04:00:00,2023-01-27,2023-01-27 06:00:00,Finland,FI,FI,Day-ahead,,EUR,hourly,123.1900024
2023-01-27,2023-01-27 05:00:00,2023-01-27,2023-01-27 07:00:00,Finland,FI,FI,Day-ahead,,EUR,hourly,147.3899994
2023-01-27,2023-01-27 06:00:00,2023-01-27,2023-01-27 08:00:00,Finland,FI,FI,Day-ahead,,EUR,hourly,176.1000061
2023-01-27,2023-01-27 07:00:00,2023-01-27,2023-01-27 09:00:00,Finland,FI,FI,Day-ahead,,EUR,hourly,195
2023-01-27,2023-01-27 08:00:00,2023-01-27,2023-01-27 10:00:00,Finland,FI,FI,Day-ahead,,EUR,hourly,192.4700012
2023-01-27,2023-01-27 09:00:00,2023-01-27,2023-01-27 11:00:00,Finland,FI,FI,Day-ahead,,EUR,hourly,160
2023-01-27,2023-01-27 10:00:00,2023-01-27,2023-01-27 12:00:00,Finland,FI,FI,Day-ahead,,EUR,hourly,154.9299927
2023-01-27,2023-01-27 11:00:00,2023-01-27,2023-01-27 13:00:00,Finland,FI,FI,Day-ahead,,EUR,hourly,159.9900055
2023-01-27,2023-01-27 12:00:00,2023-01-27,2023-01-27 14:00:00,Finland,FI,FI,Day-ahead,,EUR,hourly,149.9799957
2023-01-27,2023-01-27 13:00:00,2023-01-27,2023-01-27 15:00:00,Finland,FI,FI,Day-ahead,,EUR,hourly,123.2900009
2023-01-27,2023-01-27 14:00:00,2023-01-27,2023-01-27 16:00:00,Finland,FI,FI,Day-ahead,,EUR,hourly,99.45999908
2023-01-27,2023-01-27 15:00:00,2023-01-27,2023-01-27 17:00:00,Finland,FI,FI,Day-ahead,,EUR,hourly,85.01000214
2023-01-27,2023-01-27 16:00:00,2023-01-27,2023-01-27 18:00:00,Finland,FI,FI,Day-ahead,,EUR,hourly,117.8199997
2023-01-27,2023-01-27 17:00:00,2023-01-27,2023-01-27 19:00:00,Finland,FI,FI,Day-ahead,,EUR,hourly,121.7300034
2023-01-27,2023-01-27 18:00:00,2023-01-27,2023-01-27 20:00:00,Finland,FI,FI,Day-ahead,,EUR,hourly,77.41000366
2023-01-27,2023-01-27 19:00:00,2023-01-27,2023-01-27 21:00:00,Finland,FI,FI,Day-ahead,,EUR,hourly,43.74000168
2023-01-27,2023-01-27 20:00:00,2023-01-27,2023-01-27 22:00:00,Finland,FI,FI,Day-ahead,,EUR,hourly,49.52000046
2023-01-27,2023-01-27 21:00:00,2023-01-27,2023-01-27 23:00:00,Finland,FI,FI,Day-ahead,,EUR,hourly,31.94000053
2023-01-27,2023-01-27 22:00:00,2023-01-28,2023-01-28 00:00:00,Finland,FI,FI,Day-ahead,,EUR,hourly,29.29999924
2023-01-27,2023-01-27 23:00:00,2023-01-28,2023-01-28 01:00:00,Finland,FI,FI,Day-ahead,,EUR,hourly,27.17000008
2023-01-28,2023-01-28 00:00:00,2023-01-28,2023-01-28 02:00:00,Finland,FI,FI,Day-ahead,,EUR,hourly,29.20999908
2023-01-28,2023-01-28 01:00:00,2023-01-28,2023-01-28 03:00:00,Finland,FI,FI,Day-ahead,,EUR,hourly,28.51000023
2023-01-28,2023-01-28 02:00:00,2023-01-28,2023-01-28 04:00:00,Finland,FI,FI,Day-ahead,,EUR,hourly,27.65999985
2023-01-28,2023-01-28 03:00:00,2023-01-28,2023-01-28 05:00:00,Finland,FI,FI,Day-ahead,,EUR,hourly,27.62000084
2023-01-28,2023-01-28 04:00:00,2023-01-28,2023-01-28 06:00:00,Finland,FI,FI,Day-ahead,,EUR,hourly,26.37999916
2023-01-28,2023-01-28 05:00:00,2023-01-28,2023-01-28 07:00:00,Finland,FI,FI,Day-ahead,,EUR,hourly,26.45999908
2023-01-28,2023-01-28 06:00:00,2023-01-28,2023-01-28 08:00:00,Finland,FI,FI,Day-ahead,,EUR,hourly,28.70000076
2023-01-28,2023-01-28 07:00:00,2023-01-28,2023-01-28 09:00:00,Finland,FI,FI,Day-ahead,,EUR,hourly,30.18000031
2023-01-28,2023-01-28 08:00:00,2023-01-28,2023-01-28 10:00:00,Finland,FI,FI,Day-ahead,,EUR,hourly,31.26000023
2023-01-28,2023-01-28 09:00:00,2023-01-28,2023-01-28 11:00:00,Finland,FI,FI,Day-ahead,,EUR,hourly,35.49000168
2023-01-28,2023-01-28 10:00:00,2023-01-28,2023-01-28 12:00:00,Finland,FI,FI,Day-ahead,,EUR,hourly,38.25999832
2023-01-28,2023-01-28 11:00:00,2023-01-28,2023-01-28 13:00:00,Finland,FI,FI,Day-ahead,,EUR,hourly,37.61000061
2023-01-28,2023-01-28 12:00:00,2023-01-28,2023-01-28 14:00:00,Finland,FI,FI,Day-ahead,,EUR,hourly,35.83000183
2023-01-28,2023-01-28 13:00:00,2023-01-28,2023-01-28 15:00:00,Finland,FI,FI,Day-ahead,,EUR,hourly,35
2023-01-28,2023-01-28 14:00:00,2023-01-28,2023-01-28 16:00:00,Finland,FI,FI,Day-ahead,,EUR,hourly,34.90999985
2023-01-28,2023-01-28 15:00:00,2023-01-28,2023-01-28 17:00:00,Finland,FI,FI,Day-ahead,,EUR,hourly,37.93000031
2023-01-28,2023-01-28 16:00:00,2023-01-28,2023-01-28 18:00:00,Finland,FI,FI,Day-ahead,,EUR,hourly,38.95000076
2023-01-28,2023-01-28 17:00:00,2023-01-28,2023-01-28 19:00:00,Finland,FI,FI,Day-ahead,,EUR,hourly,38.13999939
2023-01-28,2023-01-28 18:00:00,2023-01-28,2023-01-28 20:00:00,Finland,FI,FI,Day-ahead,,EUR,hourly,34.65999985
2023-01-28,2023-01-28 19:00:00,2023-01-28,2023-01-28 21:00:00,Finland,FI,FI,Day-ahead,,EUR,hourly,31.62000084
2023-01-28,2023-01-28 20:00:00,2023-01-28,2023-01-28 22:00:00,Finland,FI,FI,Day-ahead,,EUR,hourly,30.80999947
2023-01-28,2023-01-28 21:00:00,2023-01-28,2023-01-28 23:00:00,Finland,FI,FI,Day-ahead,,EUR,hourly,30.12000084
2023-01-28,2023-01-28 22:00:00,2023-01-29,2023-01-29 00:00:00,Finland,FI,FI,Day-ahead,,EUR,hourly,29.36000061
2023-01-28,2023-01-28 23:00:00,2023-01-29,2023-01-29 01:00:00,Finland,FI,FI,Day-ahead,,EUR,hourly,29.76000023
2023-01-29,2023-01-29 00:00:00,2023-01-29,2023-01-29 02:00:00,Finland,FI,FI,Day-ahead,,EUR,hourly,29.31999969
2023-01-29,2023-01-29 01:00:00,2023-01-29,2023-01-29 03:00:00,Finland,FI,FI,Day-ahead,,EUR,hourly,28.37000084
2023-01-29,2023-01-29 02:00:00,2023-01-29,2023-01-29 04:00:00,Finland,FI,FI,Day-ahead,,EUR,hourly,28.22999954
2023-01-29,2023-01-29 03:00:00,2023-01-29,2023-01-29 05:00:00,Finland,FI,FI,Day-ahead,,EUR,hourly,28.62000084
2023-01-29,2023-01-29 04:00:00,2023-01-29,2023-01-29 06:00:00,Finland,FI,FI,Day-ahead,,EUR,hourly,26.98999977
2023-01-29,2023-01-29 05:00:00,2023-01-29,2023-01-29 07:00:00,Finland,FI,FI,Day-ahead,,EUR,hourly,27.26000023
2023-01-29,2023-01-29 06:00:00,2023-01-29,2023-01-29 08:00:00,Finland,FI,FI,Day-ahead,,EUR,hourly,29.18000031
2023-01-29,2023-01-29 07:00:00,2023-01-29,2023-01-29 09:00:00,Finland,FI,FI,Day-ahead,,EUR,hourly,30.89999962
2023-01-29,2023-01-29 08:00:00,2023-01-29,2023-01-29 10:00:00,Finland,FI,FI,Day-ahead,,EUR,hourly,31.30999947
2023-01-29,2023-01-29 09:00:00,2023-01-29,2023-01-29 11:00:00,Finland,FI,FI,Day-ahead,,EUR,hourly,34.36000061
2023-01-29,2023-01-29 10:00:00,2023-01-29,2023-01-29 12:00:00,Finland,FI,FI,Day-ahead,,EUR,hourly,34
2023-01-29,2023-01-29 11:00:00,2023-01-29,2023-01-29 13:00:00,Finland,FI,FI,Day-ahead,,EUR,hourly,33.88999939
2023-01-29,2023-01-29 12:00:00,2023-01-29,2023-01-29 14:00:00,Finland,FI,FI,Day-ahead,,EUR,hourly,34.95000076
2023-01-29,2023-01-29 13:00:00,2023-01-29,2023-01-29 15:00:00,Finland,FI,FI,Day-ahead,,EUR,hourly,34.38000107
2023-01-29,2023-01-29 14:00:00,2023-01-29,2023-01-29 16:00:00,Finland,FI,FI,Day-ahead,,EUR,hourly,32.54000092
2023-01-29,2023-01-29 15:00:00,2023-01-29,2023-01-29 17:00:00,Finland,FI,FI,Day-ahead,,EUR,hourly,34.68999863
2023-01-29,2023-01-29 16:00:00,2023-01-29,2023-01-29 18:00:00,Finland,FI,FI,Day-ahead,,EUR,hourly,36.65000153
2023-01-29,2023-01-29 17:00:00,2023-01-29,2023-01-29 19:00:00,Finland,FI,FI,Day-ahead,,EUR,hourly,34.84999847
2023-01-29,2023-01-29 18:00:00,2023-01-29,2023-01-29 20:00:00,Finland,FI,FI,Day-ahead,,EUR,hourly,31.17000008
2023-01-29,2023-01-29 19:00:00,2023-01-29,2023-01-29 21:00:00,Finland,FI,FI,Day-ahead,,EUR,hourly,28.53000069
2023-01-29,2023-01-29 20:00:00,2023-01-29,2023-01-29 22:00:00,Finland,FI,FI,Day-ahead,,EUR,hourly,25.97999954
2023-01-29,2023-01-29 21:00:00,2023-01-29,2023-01-29 23:00:00,Finland,FI,FI,Day-ahead,,EUR,hourly,25.07999992
2023-01-29,2023-01-29 22:00:00,2023-01-30,2023-01-30 00:00:00,Finland,FI,FI,Day-ahead,,EUR,hourly,18.34000015
2023-01-29,2023-01-29 23:00:00,2023-01-30,2023-01-30 01:00:00,Finland,FI,FI,Day-ahead,,EUR,hourly,13.09000015
2023-01-30,2023-01-30 00:00:00,2023-01-30,2023-01-30 02:00:00,Finland,FI,FI,Day-ahead,,EUR,hourly,5.760000229
2023-01-30,2023-01-30 01:00:00,2023-01-30,2023-01-30 03:00:00,Finland,FI,FI,Day-ahead,,EUR,hourly,4.949999809
2023-01-30,2023-01-30 02:00:00,2023-01-30,2023-01-30 04:00:00,Finland,FI,FI,Day-ahead,,EUR,hourly,2.029999971
2023-01-30,2023-01-30 03:00:00,2023-01-30,2023-01-30 05:00:00,Finland,FI,FI,Day-ahead,,EUR,hourly,9.029999733
2023-01-30,2023-01-30 04:00:00,2023-01-30,2023-01-30 06:00:00,Finland,FI,FI,Day-ahead,,EUR,hourly,26.73999977
2023-01-30,2023-01-30 05:00:00,2023-01-30,2023-01-30 07:00:00,Finland,FI,FI,Day-ahead,,EUR,hourly,58.20999908
2023-01-30,2023-01-30 06:00:00,2023-01-30,2023-01-30 08:00:00,Finland,FI,FI,Day-ahead,,EUR,hourly,82.01000214
2023-01-30,2023-01-30 07:00:00,2023-01-30,2023-01-30 09:00:00,Finland,FI,FI,Day-ahead,,EUR,hourly,82.01999664
2023-01-30,2023-01-30 08:00:00,2023-01-30,2023-01-30 10:00:00,Finland,FI,FI,Day-ahead,,EUR,hourly,85.01000214
2023-01-30,2023-01-30 09:00:00,2023-01-30,2023-01-30 11:00:00,Finland,FI,FI,Day-ahead,,EUR,hourly,105
2023-01-30,2023-01-30 10:00:00,2023-01-30,2023-01-30 12:00:00,Finland,FI,FI,Day-ahead,,EUR,hourly,89.02999878
2023-01-30,2023-01-30 11:00:00,2023-01-30,2023-01-30 13:00:00,Finland,FI,FI,Day-ahead,,EUR,hourly,95.01000214
2023-01-30,2023-01-30 12:00:00,2023-01-30,2023-01-30 14:00:00,Finland,FI,FI,Day-ahead,,EUR,hourly,85.16000366
2023-01-30,2023-01-30 13:00:00,2023-01-30,2023-01-30 15:00:00,Finland,FI,FI,Day-ahead,,EUR,hourly,69.69000244
2023-01-30,2023-01-30 14:00:00,2023-01-30,2023-01-30 16:00:00,Finland,FI,FI,Day-ahead,,EUR,hourly,49.18000031
2023-01-30,2023-01-30 15:00:00,2023-01-30,2023-01-30 17:00:00,Finland,FI,FI,Day-ahead,,EUR,hourly,30
2023-01-30,2023-01-30 16:00:00,2023-01-30,2023-01-30 18:00:00,Finland,FI,FI,Day-ahead,,EUR,hourly,29.44000053
2023-01-30,2023-01-30 17:00:00,2023-01-30,2023-01-30 19:00:00,Finland,FI,FI,Day-ahead,,EUR,hourly,29.62000084
2023-01-30,2023-01-30 18:00:00,2023-01-30,2023-01-30 20:00:00,Finland,FI,FI,Day-ahead,,EUR,hourly,27.54000092
2023-01-30,2023-01-30 19:00:00,2023-01-30,2023-01-30 21:00:00,Finland,FI,FI,Day-ahead,,EUR,hourly,26.81999969
2023-01-30,2023-01-30 20:00:00,2023-01-30,2023-01-30 22:00:00,Finland,FI,FI,Day-ahead,,EUR,hourly,25.98999977
2023-01-30,2023-01-30 21:00:00,2023-01-30,2023-01-30 23:00:00,Finland,FI,FI,Day-ahead,,EUR,hourly,21.23999977
2023-01-30,2023-01-30 22:00:00,2023-01-31,2023-01-31 00:00:00,Finland,FI,FI,Day-ahead,,EUR,hourly,10
2023-01-30,2023-01-30 23:00:00,2023-01-31,2023-01-31 01:00:00,Finland,FI,FI,Day-ahead,,EUR,hourly,25.36000061